Workbook
Name _sell_platform: [1]销售平台!$A$2:$A$74
Name COUNTRY: [1]国家简码详情!$C$2:$C$272
Name STATE_US: [2]美国州省!$C$2:$C$58
Name WAREHOUSE: [1]仓库代码!$B$2:$B$6

Sheet 海外库存总表
A1: 查询编号 FNSKU/EAN | B1: sku | C1: 仓库 | D1: Material Code 料号代码 | E1: Chinese description of goods 中文品名 | F1: 产品系列 | G1: 产品系列2 | H1: Model 型号 | I1: 库存数量 | J1: 库存预警 | K1: 在途数量 | L1: 待接收及转运数量
A2: 6975925240203 | B2: 1300100048 | C2: 美西仓库 | D2: 1300100048 | E2: =VLOOKUP(D2,[2]SKU!A:AK,2,0) -> Mole Connect手机云台(安卓版)(英文版） | F2: =VLOOKUP(D2,[2]SKU!A:AK,8,0) -> 三维扫描仪备品备件 | G2: - | H2: =VLOOKUP(D2,[2]SKU!A:AK,26,0) -> - | I2: =VLOOKUP(A2,[2]谷仓US!A:P,15,0) -> 42 | J2: =IF(I2=0,"-",IF(VLOOKUP(A2,[2]谷仓US库龄!A:I,9,0)>365,"≥1 Year",IF(VLOOKUP(A2,[2]谷仓US库龄!A:I,9,0)>270,"≥9 Months",IF(VLOOKUP(A2,[2]谷仓US库龄!A:I,9,0)>180,"≥6 Months",IF(VLOOKUP(A2,[2]谷仓US库龄!A:I,9,0)>90,"≥3 Months","正常"))))) -> ≥1 Year | K2: =IF(VLOOKUP(A2,[2]谷仓US!A:P,12,0)=0,"",VLOOKUP(A2,[2]谷仓US!A:P,12,0))
A3: 6975925240210 | B3: 1300100047 | C3: 美西仓库 | D3: 1300100047 | E3: =VLOOKUP(D3,[2]SKU!A:AK,2,0) -> Mole Connect手机云台(苹果版)(英文版） | F3: =VLOOKUP(D3,[2]SKU!A:AK,8,0) -> 三维扫描仪备品备件 | G3: - | H3: =VLOOKUP(D3,[2]SKU!A:AK,26,0) -> - | I3: =VLOOKUP(A3,[2]谷仓US!A:P,15,0) -> 94 | J3: =IF(I3=0,"-",IF(VLOOKUP(A3,[2]谷仓US库龄!A:I,9,0)>365,"≥1 Year",IF(VLOOKUP(A3,[2]谷仓US库龄!A:I,9,0)>270,"≥9 Months",IF(VLOOKUP(A3,[2]谷仓US库龄!A:I,9,0)>180,"≥6 Months",IF(VLOOKUP(A3,[2]谷仓US库龄!A:I,9,0)>90,"≥3 Months","正常"))))) -> ≥1 Year | K3: =IF(VLOOKUP(A3,[2]谷仓US!A:P,12,0)=0,"",VLOOKUP(A3,[2]谷仓US!A:P,12,0))
A4: 6975925241293 | B4: 1300100219 | C4: 美西仓库 | D4: 1300100219 | E4: 三维扫描仪Seal基础款(4规) | F4: 三维扫描仪-JMS2 | G4: Seal基础 | H4: =VLOOKUP(D4,[2]SKU!A:AK,26,0) -> JMS2 | I4: =VLOOKUP(A4,[2]谷仓US!A:P,15,0) -> 1 | J4: =IF(I4=0,"-",IF(VLOOKUP(A4,[2]谷仓US库龄!A:I,9,0)>365,"≥1 Year",IF(VLOOKUP(A4,[2]谷仓US库龄!A:I,9,0)>270,"≥9 Months",IF(VLOOKUP(A4,[2]谷仓US库龄!A:I,9,0)>180,"≥6 Months",IF(VLOOKUP(A4,[2]谷仓US库龄!A:I,9,0)>90,"≥3 Months","正常"))))) -> 正常 | K4: =IF(VLOOKUP(A4,[2]谷仓US!A:P,12,0)=0,"",VLOOKUP(A4,[2]谷仓US!A:P,12,0)) -> 96
A5: 6975925241323 | B5: 1300100222 | C5: 美西仓库 | D5: 1300100222 | E5: 三维扫描仪Seal Lite基础款(4规) | F5: 三维扫描仪-JMS1 | G5: Seal Lite基础 | H5: =VLOOKUP(D5,[2]SKU!A:AK,26,0) -> JMS1 | I5: =VLOOKUP(A5,[2]谷仓US!A:P,15,0) -> 72 | J5: =IF(I5=0,"-",IF(VLOOKUP(A5,[2]谷仓US库龄!A:I,9,0)>365,"≥1 Year",IF(VLOOKUP(A5,[2]谷仓US库龄!A:I,9,0)>270,"≥9 Months",IF(VLOOKUP(A5,[2]谷仓US库龄!A:I,9,0)>180,"≥6 Months",IF(VLOOKUP(A5,[2]谷仓US库龄!A:I,9,0)>90,"≥3 Months","正常"))))) -> 正常 | K5: =IF(VLOOKUP(A5,[2]谷仓US!A:P,12,0)=0,"",VLOOKUP(A5,[2]谷仓US!A:P,12,0)) -> 32
A6: 6975925240746 | B6: 1300100118 | C6: 美西仓库 | D6: 1300100118 | E6: =VLOOKUP(D6,[2]SKU!A:AK,2,0) -> Seal/Seal lite转台套餐 | F6: 三维扫描仪备品备件 | G6: 普通转台 | H6: =VLOOKUP(D6,[2]SKU!A:AK,26,0) -> - | I6: =VLOOKUP(A6,[2]谷仓US!A:P,15,0) -> 92 | J6: =IF(I6=0,"-",IF(VLOOKUP(A6,[2]谷仓US库龄!A:I,9,0)>365,"≥1 Year",IF(VLOOKUP(A6,[2]谷仓US库龄!A:I,9,0)>270,"≥9 Months",IF(VLOOKUP(A6,[2]谷仓US库龄!A:I,9,0)>180,"≥6 Months",IF(VLOOKUP(A6,[2]谷仓US库龄!A:I,9,0)>90,"≥3 Months","正常"))))) -> 正常 | K6: =IF(VLOOKUP(A6,[2]谷仓US!A:P,12,0)=0,"",VLOOKUP(A6,[2]谷仓US!A:P,12,0)) -> 300
A7: 6975925240753 | B7: 1200100064 | C7: 美西仓库 | D7: 1200100064 | E7: =VLOOKUP(D7,[2]SKU!A:AK,2,0) -> Seal三脚架套装 | F7: =VLOOKUP(D7,[2]SKU!A:AK,8,0) -> 三维扫描仪备品备件 | G7: 三脚架 | H7: =VLOOKUP(D7,[2]SKU!A:AK,26,0) -> - | I7: =VLOOKUP(A7,[2]谷仓US!A:P,15,0) -> 25 | J7: =IF(I7=0,"-",IF(VLOOKUP(A7,[2]谷仓US库龄!A:I,9,0)>365,"≥1 Year",IF(VLOOKUP(A7,[2]谷仓US库龄!A:I,9,0)>270,"≥9 Months",IF(VLOOKUP(A7,[2]谷仓US库龄!A:I,9,0)>180,"≥6 Months",IF(VLOOKUP(A7,[2]谷仓US库龄!A:I,9,0)>90,"≥3 Months","正常"))))) -> ≥3 Months | K7: =IF(VLOOKUP(A7,[2]谷仓US!A:P,12,0)=0,"",VLOOKUP(A7,[2]谷仓US!A:P,12,0)) -> 100
A8: 6975925240739 | B8: 1300100082 | C8: 美西仓库 | D8: 1300100082 | E8: =VLOOKUP(D8,[2]SKU!A:AK,2,0) -> 三维扫描仪智能手柄 | F8: =VLOOKUP(D8,[2]SKU!A:AK,8,0) -> 三维扫描仪备品备件 | G8: 智能手柄 | H8: =VLOOKUP(D8,[2]SKU!A:AK,26,0) -> JMB1 | I8: =VLOOKUP(A8,[2]谷仓US!A:P,15,0) -> 0 | J8: =IF(I8=0,"-",IF(VLOOKUP(A8,[2]谷仓US库龄!A:I,9,0)>365,"≥1 Year",IF(VLOOKUP(A8,[2]谷仓US库龄!A:I,9,0)>270,"≥9 Months",IF(VLOOKUP(A8,[2]谷仓US库龄!A:I,9,0)>180,"≥6 Months",IF(VLOOKUP(A8,[2]谷仓US库龄!A:I,9,0)>90,"≥3 Months","正常"))))) -> - | K8: =IF(VLOOKUP(A8,[2]谷仓US!A:P,12,0)=0,"",VLOOKUP(A8,[2]谷仓US!A:P,12,0)) -> 60
A9: 6975925241033 | B9: 1021900174 | C9: 美西仓库 | D9: 1021900174 | E9: =VLOOKUP(D9,[2]SKU!A:AK,2,0) -> 智能手柄数据线 | F9: =VLOOKUP(D9,[2]SKU!A:AK,8,0) -> 三维扫描仪备品备件 | G9: - | H9: =VLOOKUP(D9,[2]SKU!A:AK,26,0) -> - | I9: =VLOOKUP(A9,[2]谷仓US!A:P,15,0) -> 116 | J9: =IF(I9=0,"-",IF(VLOOKUP(A9,[2]谷仓US库龄!A:I,9,0)>365,"≥1 Year",IF(VLOOKUP(A9,[2]谷仓US库龄!A:I,9,0)>270,"≥9 Months",IF(VLOOKUP(A9,[2]谷仓US库龄!A:I,9,0)>180,"≥6 Months",IF(VLOOKUP(A9,[2]谷仓US库龄!A:I,9,0)>90,"≥3 Months","正常"))))) -> ≥1 Year | K9: =IF(VLOOKUP(A9,[2]谷仓US!A:P,12,0)=0,"",VLOOKUP(A9,[2]谷仓US!A:P,12,0))
A10: 6975925240227 | B10: 1300100066 | C10: 美西仓库 | D10: 1300100066 | E10: =VLOOKUP(D10,[2]SKU!A:AK,2,0) -> Mole三脚架套餐 | F10: =VLOOKUP(D10,[2]SKU!A:AK,8,0) -> 三维扫描仪备品备件 | G10: - | H10: =VLOOKUP(D10,[2]SKU!A:AK,26,0) -> - | I10: =VLOOKUP(A10,[2]谷仓US!A:P,15,0) -> 17 | J10: =IF(I10=0,"-",IF(VLOOKUP(A10,[2]谷仓US库龄!A:I,9,0)>365,"≥1 Year",IF(VLOOKUP(A10,[2]谷仓US库龄!A:I,9,0)>270,"≥9 Months",IF(VLOOKUP(A10,[2]谷仓US库龄!A:I,9,0)>180,"≥6 Months",IF(VLOOKUP(A10,[2]谷仓US库龄!A:I,9,0)>90,"≥3 Months","正常"))))) -> ≥1 Year | K10: =IF(VLOOKUP(A10,[2]谷仓US!A:P,12,0)=0,"",VLOOKUP(A10,[2]谷仓US!A:P,12,0))
A11: 6975925240272 | B11: 1300100073 | C11: 美西仓库 | D11: 1300100073 | E11: =VLOOKUP(D11,[2]SKU!A:AK,2,0) -> Lynx三脚架套餐 | F11: =VLOOKUP(D11,[2]SKU!A:AK,8,0) -> 三维扫描仪备品备件 | G11: - | H11: =VLOOKUP(D11,[2]SKU!A:AK,26,0) -> - | I11: =VLOOKUP(A11,[2]谷仓US!A:P,15,0) -> 28 | J11: =IF(I11=0,"-",IF(VLOOKUP(A11,[2]谷仓US库龄!A:I,9,0)>365,"≥1 Year",IF(VLOOKUP(A11,[2]谷仓US库龄!A:I,9,0)>270,"≥9 Months",IF(VLOOKUP(A11,[2]谷仓US库龄!A:I,9,0)>180,"≥6 Months",IF(VLOOKUP(A11,[2]谷仓US库龄!A:I,9,0)>90,"≥3 Months","正常"))))) -> ≥1 Year | K11: =IF(VLOOKUP(A11,[2]谷仓US!A:P,12,0)=0,"",VLOOKUP(A11,[2]谷仓US!A:P,12,0))
A12: 6975925241354 | B12: 1300100139 | C12: 美西仓库 | D12: 1300100139 | E12: =VLOOKUP(D12,[2]SKU!A:AK,2,0) -> Seal双轴转台(美规) | F12: =VLOOKUP(D12,[2]SKU!A:AK,8,0) -> 三维扫描仪备品备件 | G12: 双轴转台 | H12: =VLOOKUP(D12,[2]SKU!A:AK,26,0) -> - | I12: =VLOOKUP(A12,[2]谷仓US!A:P,15,0) -> 23 | J12: =IF(I12=0,"-",IF(VLOOKUP(A12,[2]谷仓US库龄!A:I,9,0)>365,"≥1 Year",IF(VLOOKUP(A12,[2]谷仓US库龄!A:I,9,0)>270,"≥9 Months",IF(VLOOKUP(A12,[2]谷仓US库龄!A:I,9,0)>180,"≥6 Months",IF(VLOOKUP(A12,[2]谷仓US库龄!A:I,9,0)>90,"≥3 Months","正常"))))) -> 正常 | K12: =IF(VLOOKUP(A12,[2]谷仓US!A:P,12,0)=0,"",VLOOKUP(A12,[2]谷仓US!A:P,12,0)) -> 40
A13: 6975925241378 | B13: 1300100229 | C13: 美西仓库 | D13: 1300100229 | E13: 三维扫描仪Moose基础款(4规) | F13: =VLOOKUP(D13,[2]SKU!A:AK,8,0) -> 三维扫描仪-JMM3 | G13: Moose基础 | H13: =VLOOKUP(D13,[2]SKU!A:AK,26,0) -> JMM3 | I13: =VLOOKUP(A13,[2]谷仓US!A:P,15,0) -> 52 | J13: =IF(I13=0,"-",IF(VLOOKUP(A13,[2]谷仓US库龄!A:I,9,0)>365,"≥1 Year",IF(VLOOKUP(A13,[2]谷仓US库龄!A:I,9,0)>270,"≥9 Months",IF(VLOOKUP(A13,[2]谷仓US库龄!A:I,9,0)>180,"≥6 Months",IF(VLOOKUP(A13,[2]谷仓US库龄!A:I,9,0)>90,"≥3 Months","正常"))))) -> 正常 | K13: =IF(VLOOKUP(A13,[2]谷仓US!A:P,12,0)=0,"",VLOOKUP(A13,[2]谷仓US!A:P,12,0)) -> 20
A14: 6975925241385 | B14: 1300100230 | C14: 美西仓库 | D14: 1300100230 | E14: 三维扫描仪Moose升级款(4规) | F14: 三维扫描仪-JMM3 | G14: Moose升级 | H14: JMM3 | I14: =VLOOKUP(A14,[2]谷仓US!A:P,15,0) -> 41 | J14: =IF(I14=0,"-",IF(VLOOKUP(A14,[2]谷仓US库龄!A:I,9,0)>365,"≥1 Year",IF(VLOOKUP(A14,[2]谷仓US库龄!A:I,9,0)>270,"≥9 Months",IF(VLOOKUP(A14,[2]谷仓US库龄!A:I,9,0)>180,"≥6 Months",IF(VLOOKUP(A14,[2]谷仓US库龄!A:I,9,0)>90,"≥3 Months","正常"))))) -> 正常 | K14: =IF(VLOOKUP(A14,[2]谷仓US!A:P,12,0)=0,"",VLOOKUP(A14,[2]谷仓US!A:P,12,0))
A15: 6975925241392 | B15: 1300100231 | C15: 美西仓库 | D15: 1300100231 | E15: 三维扫描仪Moose豪华款(4规) | F15: =VLOOKUP(D15,[2]SKU!A:AK,8,0) -> 三维扫描仪-JMM3 | G15: Moose豪华 | H15: =VLOOKUP(D15,[2]SKU!A:AK,26,0) -> JMM3 | I15: =VLOOKUP(A15,[2]谷仓US!A:P,15,0) -> 0 | J15: =IF(I15=0,"-",IF(VLOOKUP(A15,[2]谷仓US库龄!A:I,9,0)>365,"≥1 Year",IF(VLOOKUP(A15,[2]谷仓US库龄!A:I,9,0)>270,"≥9 Months",IF(VLOOKUP(A15,[2]谷仓US库龄!A:I,9,0)>180,"≥6 Months",IF(VLOOKUP(A15,[2]谷仓US库龄!A:I,9,0)>90,"≥3 Months","正常"))))) -> - | K15: =IF(VLOOKUP(A15,[2]谷仓US!A:P,12,0)=0,"",VLOOKUP(A15,[2]谷仓US!A:P,12,0))
A16: 6975925241408 | B16: 1300100232 | C16: 美西仓库 | D16: 1300100232 | E16: 三维扫描仪Moose Lite基础款(4规) | F16: =VLOOKUP(D16,[2]SKU!A:AK,8,0) -> 三维扫描仪-JMM4 | G16: Moose Lite基础 | H16: =VLOOKUP(D16,[2]SKU!A:AK,26,0) -> JMM4 | I16: =VLOOKUP(A16,[2]谷仓US!A:P,15,0) -> 7 | J16: =IF(I16=0,"-",IF(VLOOKUP(A16,[2]谷仓US库龄!A:I,9,0)>365,"≥1 Year",IF(VLOOKUP(A16,[2]谷仓US库龄!A:I,9,0)>270,"≥9 Months",IF(VLOOKUP(A16,[2]谷仓US库龄!A:I,9,0)>180,"≥6 Months",IF(VLOOKUP(A16,[2]谷仓US库龄!A:I,9,0)>90,"≥3 Months","正常"))))) -> 正常 | K16: =IF(VLOOKUP(A16,[2]谷仓US!A:P,12,0)=0,"",VLOOKUP(A16,[2]谷仓US!A:P,12,0)) -> 240
A17: 6975925241415 | B17: 1300100233 | C17: 美西仓库 | D17: 1300100233 | E17: 三维扫描仪Moose Lite升级款(4规) | F17: 三维扫描仪-JMM4 | G17: Moose Lite升级 | H17: JMM4 | I17: =VLOOKUP(A17,[2]谷仓US!A:P,15,0) -> 0 | J17: =IF(I17=0,"-",IF(VLOOKUP(A17,[2]谷仓US库龄!A:I,9,0)>365,"≥1 Year",IF(VLOOKUP(A17,[2]谷仓US库龄!A:I,9,0)>270,"≥9 Months",IF(VLOOKUP(A17,[2]谷仓US库龄!A:I,9,0)>180,"≥6 Months",IF(VLOOKUP(A17,[2]谷仓US库龄!A:I,9,0)>90,"≥3 Months","正常"))))) -> - | K17: =IF(VLOOKUP(A17,[2]谷仓US!A:P,12,0)=0,"",VLOOKUP(A17,[2]谷仓US!A:P,12,0)) -> 36
A18: 6975925241422 | B18: 1300100234 | C18: 美西仓库 | D18: 1300100234 | E18: =VLOOKUP(D18,[2]SKU!A:AK,2,0) -> 三维扫描仪Moose Lite豪华款(4规) | F18: =VLOOKUP(D18,[2]SKU!A:AK,8,0) -> 三维扫描仪-JMM4 | G18: Moose Lite豪华 | H18: =VLOOKUP(D18,[2]SKU!A:AK,26,0) -> JMM4 | I18: =VLOOKUP(A18,[2]谷仓US!A:P,15,0) -> 12 | J18: =IF(I18=0,"-",IF(VLOOKUP(A18,[2]谷仓US库龄!A:I,9,0)>365,"≥1 Year",IF(VLOOKUP(A18,[2]谷仓US库龄!A:I,9,0)>270,"≥9 Months",IF(VLOOKUP(A18,[2]谷仓US库龄!A:I,9,0)>180,"≥6 Months",IF(VLOOKUP(A18,[2]谷仓US库龄!A:I,9,0)>90,"≥3 Months","正常"))))) -> ≥9 Months | K18: =IF(VLOOKUP(A18,[2]谷仓US!A:P,12,0)=0,"",VLOOKUP(A18,[2]谷仓US!A:P,12,0)) -> 40
A19: 6975925241231 | B19: 1300100211 | C19: 美西仓库 | D19: 1300100211 | E19: =VLOOKUP(D19,[2]SKU!A:AK,2,0) -> 三维扫描仪Eagle JMK1 RTK | F19: =VLOOKUP(D19,[2]SKU!A:AK,8,0) -> 三维扫描仪-JMK1 | G19: JMK1 RTK | H19: =VLOOKUP(D19,[2]SKU!A:AK,26,0) -> JMK1 | I19: =VLOOKUP(A19,[2]谷仓US!A:P,15,0) -> 12 | J19: =IF(I19=0,"-",IF(VLOOKUP(A19,[2]谷仓US库龄!A:I,9,0)>365,"≥1 Year",IF(VLOOKUP(A19,[2]谷仓US库龄!A:I,9,0)>270,"≥9 Months",IF(VLOOKUP(A19,[2]谷仓US库龄!A:I,9,0)>180,"≥6 Months",IF(VLOOKUP(A19,[2]谷仓US库龄!A:I,9,0)>90,"≥3 Months","正常"))))) -> 正常 | K19: =IF(VLOOKUP(A19,[2]谷仓US!A:P,12,0)=0,"",VLOOKUP(A19,[2]谷仓US!A:P,12,0)) -> 16
A20: 6975925241248 | B20: 1300100212 | C20: 美西仓库 | D20: 1300100212 | E20: =VLOOKUP(D20,[2]SKU!A:AK,2,0) -> 三维扫描仪Eagle JMK2 RTK | F20: =VLOOKUP(D20,[2]SKU!A:AK,8,0) -> 三维扫描仪-JMK2 | G20: JMK2 RTK | H20: =VLOOKUP(D20,[2]SKU!A:AK,26,0) -> JMK2 | I20: =VLOOKUP(A20,[2]谷仓US!A:P,15,0) -> 19 | J20: =IF(I20=0,"-",IF(VLOOKUP(A20,[2]谷仓US库龄!A:I,9,0)>365,"≥1 Year",IF(VLOOKUP(A20,[2]谷仓US库龄!A:I,9,0)>270,"≥9 Months",IF(VLOOKUP(A20,[2]谷仓US库龄!A:I,9,0)>180,"≥6 Months",IF(VLOOKUP(A20,[2]谷仓US库龄!A:I,9,0)>90,"≥3 Months","正常"))))) -> ≥3 Months | K20: =IF(VLOOKUP(A20,[2]谷仓US!A:P,12,0)=0,"",VLOOKUP(A20,[2]谷仓US!A:P,12,0)) -> 12
A21: 6975925241187 | B21: 1300100205 | C21: 美西仓库 | D21: 1300100205 | E21: =VLOOKUP(D21,[2]SKU!A:AK,2,0) -> 钢化膜套装 | F21: =VLOOKUP(D21,[2]SKU!A:AK,8,0) -> 三维扫描仪备品备件 | G21: - | H21: =VLOOKUP(D21,[2]SKU!A:AK,26,0) -> - | I21: =VLOOKUP(A21,[2]谷仓US!A:P,15,0) -> 33 | J21: =IF(I21=0,"-",IF(VLOOKUP(A21,[2]谷仓US库龄!A:I,9,0)>365,"≥1 Year",IF(VLOOKUP(A21,[2]谷仓US库龄!A:I,9,0)>270,"≥9 Months",IF(VLOOKUP(A21,[2]谷仓US库龄!A:I,9,0)>180,"≥6 Months",IF(VLOOKUP(A21,[2]谷仓US库龄!A:I,9,0)>90,"≥3 Months","正常"))))) -> ≥1 Year | K21: =IF(VLOOKUP(A21,[2]谷仓US!A:P,12,0)=0,"",VLOOKUP(A21,[2]谷仓US!A:P,12,0))
A22: 6975925241194 | B22: 1050100021 | C22: 美西仓库 | D22: 1050100021 | E22: =VLOOKUP(D22,[2]SKU!A:AK,2,0) -> 三脚架 | F22: =VLOOKUP(D22,[2]SKU!A:AK,8,0) -> 三维扫描仪备品备件 | G22: - | H22: =VLOOKUP(D22,[2]SKU!A:AK,26,0) -> - | I22: =VLOOKUP(A22,[2]谷仓US!A:P,15,0) -> 15 | J22: =IF(I22=0,"-",IF(VLOOKUP(A22,[2]谷仓US库龄!A:I,9,0)>365,"≥1 Year",IF(VLOOKUP(A22,[2]谷仓US库龄!A:I,9,0)>270,"≥9 Months",IF(VLOOKUP(A22,[2]谷仓US库龄!A:I,9,0)>180,"≥6 Months",IF(VLOOKUP(A22,[2]谷仓US库龄!A:I,9,0)>90,"≥3 Months","正常"))))) -> ≥9 Months | K22: =IF(VLOOKUP(A22,[2]谷仓US!A:P,12,0)=0,"",VLOOKUP(A22,[2]谷仓US!A:P,12,0))
A23: 6975925241217 | B23: 1300100208 | C23: 美西仓库 | D23: 1300100208 | E23: 背架套装 | F23: =VLOOKUP(D23,[2]SKU!A:AK,8,0) -> 三维扫描仪备品备件 | G23: - | H23: =VLOOKUP(D23,[2]SKU!A:AK,26,0) -> - | I23: =VLOOKUP(A23,[2]谷仓US!A:P,15,0) -> 0 | J23: =IF(I23=0,"-",IF(VLOOKUP(A23,[2]谷仓US库龄!A:I,9,0)>365,"≥1 Year",IF(VLOOKUP(A23,[2]谷仓US库龄!A:I,9,0)>270,"≥9 Months",IF(VLOOKUP(A23,[2]谷仓US库龄!A:I,9,0)>180,"≥6 Months",IF(VLOOKUP(A23,[2]谷仓US库龄!A:I,9,0)>90,"≥3 Months","正常"))))) -> - | K23: =IF(VLOOKUP(A23,[2]谷仓US!A:P,12,0)=0,"",VLOOKUP(A23,[2]谷仓US!A:P,12,0))
A24: 6975925241279 | B24: 1021900168 | C24: 美西仓库 | D24: 1021900168 | E24: =VLOOKUP(D24,[2]SKU!A:AK,2,0) -> Moose一体线缆 | F24: =VLOOKUP(D24,[2]SKU!A:AK,8,0) -> 三维扫描仪备品备件 | G24: - | H24: =VLOOKUP(D24,[2]SKU!A:AK,26,0) -> - | I24: =VLOOKUP(A24,[2]谷仓US!A:P,15,0) -> 49 | J24: =IF(I24=0,"-",IF(VLOOKUP(A24,[2]谷仓US库龄!A:I,9,0)>365,"≥1 Year",IF(VLOOKUP(A24,[2]谷仓US库龄!A:I,9,0)>270,"≥9 Months",IF(VLOOKUP(A24,[2]谷仓US库龄!A:I,9,0)>180,"≥6 Months",IF(VLOOKUP(A24,[2]谷仓US库龄!A:I,9,0)>90,"≥3 Months","正常"))))) -> ≥1 Year | K24: =IF(VLOOKUP(A24,[2]谷仓US!A:P,12,0)=0,"",VLOOKUP(A24,[2]谷仓US!A:P,12,0))
A25: 6975925240807 | B25: 1021900094 | C25: 美西仓库 | D25: 1021900094 | E25: =VLOOKUP(D25,[2]SKU!A:AK,2,0) -> Seal扫描仪订制一体线缆 | F25: =VLOOKUP(D25,[2]SKU!A:AK,8,0) -> 三维扫描仪备品备件 | G25: - | H25: =VLOOKUP(D25,[2]SKU!A:AK,26,0) -> - | I25: =VLOOKUP(A25,[2]谷仓US!A:P,15,0) -> 7 | J25: =IF(I25=0,"-",IF(VLOOKUP(A25,[2]谷仓US库龄!A:I,9,0)>365,"≥1 Year",IF(VLOOKUP(A25,[2]谷仓US库龄!A:I,9,0)>270,"≥9 Months",IF(VLOOKUP(A25,[2]谷仓US库龄!A:I,9,0)>180,"≥6 Months",IF(VLOOKUP(A25,[2]谷仓US库龄!A:I,9,0)>90,"≥3 Months","正常"))))) -> ≥1 Year | K25: =IF(VLOOKUP(A25,[2]谷仓US!A:P,12,0)=0,"",VLOOKUP(A25,[2]谷仓US!A:P,12,0))
A26: 6975925241286 | B26: 1040600057 | C26: 美西仓库 | D26: 1040600057 | E26: =VLOOKUP(D26,[2]SKU!A:AK,2,0) -> PD电源 | F26: =VLOOKUP(D26,[2]SKU!A:AK,8,0) -> 三维扫描仪备品备件 | G26: - | H26: =VLOOKUP(D26,[2]SKU!A:AK,26,0) -> RH-PD65W-1 | I26: =VLOOKUP(A26,[2]谷仓US!A:P,15,0) -> 14 | J26: =IF(I26=0,"-",IF(VLOOKUP(A26,[2]谷仓US库龄!A:I,9,0)>365,"≥1 Year",IF(VLOOKUP(A26,[2]谷仓US库龄!A:I,9,0)>270,"≥9 Months",IF(VLOOKUP(A26,[2]谷仓US库龄!A:I,9,0)>180,"≥6 Months",IF(VLOOKUP(A26,[2]谷仓US库龄!A:I,9,0)>90,"≥3 Months","正常"))))) -> ≥1 Year | K26: =IF(VLOOKUP(A26,[2]谷仓US!A:P,12,0)=0,"",VLOOKUP(A26,[2]谷仓US!A:P,12,0))
A27: 6975925241224 | B27: 1300100209 | C27: 美西仓库 | D27: 1300100209 | E27: =VLOOKUP(D27,[2]SKU!A:AK,2,0) -> 自行车支架套装 | F27: =VLOOKUP(D27,[2]SKU!A:AK,8,0) -> 三维扫描仪备品备件 | G27: - | H27: =VLOOKUP(D27,[2]SKU!A:AK,26,0) -> - | I27: =VLOOKUP(A27,[2]谷仓US!A:P,15,0) -> 0 | J27: =IF(I27=0,"-",IF(VLOOKUP(A27,[2]谷仓US库龄!A:I,9,0)>365,"≥1 Year",IF(VLOOKUP(A27,[2]谷仓US库龄!A:I,9,0)>270,"≥9 Months",IF(VLOOKUP(A27,[2]谷仓US库龄!A:I,9,0)>180,"≥6 Months",IF(VLOOKUP(A27,[2]谷仓US库龄!A:I,9,0)>90,"≥3 Months","正常"))))) -> - | K27: =IF(VLOOKUP(A27,[2]谷仓US!A:P,12,0)=0,"",VLOOKUP(A27,[2]谷仓US!A:P,12,0)) -> 33
A28: 6975925241200 | B28: 1300100207 | C28: 美西仓库 | D28: 1300100207 | E28: =VLOOKUP(D28,[2]SKU!A:AK,2,0) -> 车顶吸盘安装套装 | F28: =VLOOKUP(D28,[2]SKU!A:AK,8,0) -> 三维扫描仪备品备件 | G28: - | H28: =VLOOKUP(D28,[2]SKU!A:AK,26,0) -> - | I28: =VLOOKUP(A28,[2]谷仓US!A:P,15,0) -> 19 | J28: =IF(I28=0,"-",IF(VLOOKUP(A28,[2]谷仓US库龄!A:I,9,0)>365,"≥1 Year",IF(VLOOKUP(A28,[2]谷仓US库龄!A:I,9,0)>270,"≥9 Months",IF(VLOOKUP(A28,[2]谷仓US库龄!A:I,9,0)>180,"≥6 Months",IF(VLOOKUP(A28,[2]谷仓US库龄!A:I,9,0)>90,"≥3 Months","正常"))))) -> 正常 | K28: =IF(VLOOKUP(A28,[2]谷仓US!A:P,12,0)=0,"",VLOOKUP(A28,[2]谷仓US!A:P,12,0))
A29: 6975925241514 | B29: 1300100246 | C29: 美西仓库 | D29: 1300100246 | E29: 三维扫描仪Toucan基础款(4规) | F29: 三维扫描仪-Toucan | G29: Toucan基础 | H29: JMM6 | I29: =VLOOKUP(A29,[2]谷仓US!A:P,15,0) -> 31 | J29: =IF(I29=0,"-",IF(VLOOKUP(A29,[2]谷仓US库龄!A:I,9,0)>365,"≥1 Year",IF(VLOOKUP(A29,[2]谷仓US库龄!A:I,9,0)>270,"≥9 Months",IF(VLOOKUP(A29,[2]谷仓US库龄!A:I,9,0)>180,"≥6 Months",IF(VLOOKUP(A29,[2]谷仓US库龄!A:I,9,0)>90,"≥3 Months","正常"))))) -> ≥3 Months | K29: =IF(VLOOKUP(A29,[2]谷仓US!A:P,12,0)=0,"",VLOOKUP(A29,[2]谷仓US!A:P,12,0))
A30: 6975925241453 | B30: 1300100240 | C30: 美西仓库 | D30: 1300100240 | E30: 三维扫描仪Toucan升级款(4规) | F30: 三维扫描仪-Toucan | G30: Toucan升级 | H30: JMM6 | I30: =VLOOKUP(A30,[2]谷仓US!A:P,15,0) -> 109 | J30: =IF(I30=0,"-",IF(VLOOKUP(A30,[2]谷仓US库龄!A:I,9,0)>365,"≥1 Year",IF(VLOOKUP(A30,[2]谷仓US库龄!A:I,9,0)>270,"≥9 Months",IF(VLOOKUP(A30,[2]谷仓US库龄!A:I,9,0)>180,"≥6 Months",IF(VLOOKUP(A30,[2]谷仓US库龄!A:I,9,0)>90,"≥3 Months","正常"))))) -> ≥3 Months | K30: =IF(VLOOKUP(A30,[2]谷仓US!A:P,12,0)=0,"",VLOOKUP(A30,[2]谷仓US!A:P,12,0))
A31: 6975925241538 | B31: 1300100249 | C31: 美西仓库 | D31: 1300100249 | E31: Toucan三脚架套装 | F31: 三维扫描仪备品备件 | G31: - | H31: - | I31: =VLOOKUP(A31,[2]谷仓US!A:P,15,0) -> 18 | J31: =IF(I31=0,"-",IF(VLOOKUP(A31,[2]谷仓US库龄!A:I,9,0)>365,"≥1 Year",IF(VLOOKUP(A31,[2]谷仓US库龄!A:I,9,0)>270,"≥9 Months",IF(VLOOKUP(A31,[2]谷仓US库龄!A:I,9,0)>180,"≥6 Months",IF(VLOOKUP(A31,[2]谷仓US库龄!A:I,9,0)>90,"≥3 Months","正常"))))) -> ≥3 Months | K31: =IF(VLOOKUP(A31,[2]谷仓US!A:P,12,0)=0,"",VLOOKUP(A31,[2]谷仓US!A:P,12,0))
A32: 6975925241521 | B32: 1300100250 | C32: 美西仓库 | D32: 1300100250 | E32: Toucan箱包套装 | F32: 三维扫描仪备品备件 | G32: - | H32: - | I32: =VLOOKUP(A32,[2]谷仓US!A:P,15,0) -> 35 | J32: =IF(I32=0,"-",IF(VLOOKUP(A32,[2]谷仓US库龄!A:I,9,0)>365,"≥1 Year",IF(VLOOKUP(A32,[2]谷仓US库龄!A:I,9,0)>270,"≥9 Months",IF(VLOOKUP(A32,[2]谷仓US库龄!A:I,9,0)>180,"≥6 Months",IF(VLOOKUP(A32,[2]谷仓US库龄!A:I,9,0)>90,"≥3 Months","正常"))))) -> ≥3 Months | K32: =IF(VLOOKUP(A32,[2]谷仓US!A:P,12,0)=0,"",VLOOKUP(A32,[2]谷仓US!A:P,12,0))
A33: 6975925241545 | B33: 1300100248 | C33: 美西仓库 | D33: 1300100248 | E33: MTT2转台 | F33: 三维扫描仪备品备件 | G33: MTT2转台 | H33: - | I33: =VLOOKUP(A33,[2]谷仓US!A:P,15,0) -> 10 | J33: =IF(I33=0,"-",IF(VLOOKUP(A33,[2]谷仓US库龄!A:I,9,0)>365,"≥1 Year",IF(VLOOKUP(A33,[2]谷仓US库龄!A:I,9,0)>270,"≥9 Months",IF(VLOOKUP(A33,[2]谷仓US库龄!A:I,9,0)>180,"≥6 Months",IF(VLOOKUP(A33,[2]谷仓US库龄!A:I,9,0)>90,"≥3 Months","正常"))))) -> 正常 | K33: =IF(VLOOKUP(A33,[2]谷仓US!A:P,12,0)=0,"",VLOOKUP(A33,[2]谷仓US!A:P,12,0))
A34: 6975925241446 | B34: 1300100241 | C34: 美西仓库 | D34: 1300100241 | E34: 三维扫描仪Hawk(4规) | F34: 三维扫描仪-Hawk | G34: JMK5 | H34: JMK5 | I34: =VLOOKUP(A34,[2]谷仓US!A:P,15,0) -> 0 | J34: =IF(I34=0,"-",IF(VLOOKUP(A34,[2]谷仓US库龄!A:I,9,0)>365,"≥1 Year",IF(VLOOKUP(A34,[2]谷仓US库龄!A:I,9,0)>270,"≥9 Months",IF(VLOOKUP(A34,[2]谷仓US库龄!A:I,9,0)>180,"≥6 Months",IF(VLOOKUP(A34,[2]谷仓US库龄!A:I,9,0)>90,"≥3 Months","正常"))))) -> - | K34: =IF(VLOOKUP(A34,[2]谷仓US!A:P,12,0)=0,"",VLOOKUP(A34,[2]谷仓US!A:P,12,0))
A35: 6975925241576 | B35: 1300100262 | C35: 美西仓库 | D35: 1300100262 | E35: 三维扫描仪Raven Max升级款(4规） | F35: 三维扫描仪-JMK6 | G35: JMK6升级 | H35: JMK6 | I35: =VLOOKUP(A35,[2]谷仓US!A:P,15,0) -> 27 | J35: =IF(I35=0,"-",IF(VLOOKUP(A35,[2]谷仓US库龄!A:I,9,0)>365,"≥1 Year",IF(VLOOKUP(A35,[2]谷仓US库龄!A:I,9,0)>270,"≥9 Months",IF(VLOOKUP(A35,[2]谷仓US库龄!A:I,9,0)>180,"≥6 Months",IF(VLOOKUP(A35,[2]谷仓US库龄!A:I,9,0)>90,"≥3 Months","正常"))))) -> 正常 | K35: =IF(VLOOKUP(A35,[2]谷仓US!A:P,12,0)=0,"",VLOOKUP(A35,[2]谷仓US!A:P,12,0))
A36: 6975925241569 | B36: 1300100256 | C36: 美西仓库 | D36: 1300100256 | E36: 三维扫描仪Raven Max基础款(4规) | F36: 三维扫描仪-JMK6 | G36: JMK6基础 | H36: JMK6 | I36: =VLOOKUP(A36,[2]谷仓US!A:P,15,0) -> 21 | J36: =IF(I36=0,"-",IF(VLOOKUP(A36,[2]谷仓US库龄!A:I,9,0)>365,"≥1 Year",IF(VLOOKUP(A36,[2]谷仓US库龄!A:I,9,0)>270,"≥9 Months",IF(VLOOKUP(A36,[2]谷仓US库龄!A:I,9,0)>180,"≥6 Months",IF(VLOOKUP(A36,[2]谷仓US库龄!A:I,9,0)>90,"≥3 Months","正常"))))) -> 正常 | K36: =IF(VLOOKUP(A36,[2]谷仓US!A:P,12,0)=0,"",VLOOKUP(A36,[2]谷仓US!A:P,12,0))
A37: 6975925241583 | B37: 1300100263 | C37: 美西仓库 | D37: 1300100263 | E37: 三维扫描仪Raven(4规) | F37: 三维扫描仪-JMK7 | G37: JMK7 | H37: JMK7 | I37: =VLOOKUP(A37,[2]谷仓US!A:P,15,0) -> 0 | J37: =IF(I37=0,"-",IF(VLOOKUP(A37,[2]谷仓US库龄!A:I,9,0)>365,"≥1 Year",IF(VLOOKUP(A37,[2]谷仓US库龄!A:I,9,0)>270,"≥9 Months",IF(VLOOKUP(A37,[2]谷仓US库龄!A:I,9,0)>180,"≥6 Months",IF(VLOOKUP(A37,[2]谷仓US库龄!A:I,9,0)>90,"≥3 Months","正常"))))) -> - | K37: =IF(VLOOKUP(A37,[2]谷仓US!A:P,12,0)=0,"",VLOOKUP(A37,[2]谷仓US!A:P,12,0))
A38: 6975925241613 | B38: 1300100260 | C38: 美西仓库 | D38: 1300100260 | E38: 三维扫描仪FOX(4规) | F38: 三维扫描仪-JMM8 | G38: FOX | H38: JMM8 | I38: =VLOOKUP(A38,[2]谷仓US!A:P,15,0) -> 86 | J38: =IF(I38=0,"-",IF(VLOOKUP(A38,[2]谷仓US库龄!A:I,9,0)>365,"≥1 Year",IF(VLOOKUP(A38,[2]谷仓US库龄!A:I,9,0)>270,"≥9 Months",IF(VLOOKUP(A38,[2]谷仓US库龄!A:I,9,0)>180,"≥6 Months",IF(VLOOKUP(A38,[2]谷仓US库龄!A:I,9,0)>90,"≥3 Months","正常"))))) -> 正常 | K38: =IF(VLOOKUP(A38,[2]谷仓US!A:P,12,0)=0,"",VLOOKUP(A38,[2]谷仓US!A:P,12,0)) -> 200
A39: 6975925241637 | B39: 1300100245 | C39: 美西仓库 | D39: 1300100245 | E39: 360相机套装 | F39: 三维扫描仪备品备件 | G39: - | H39: - | I39: =VLOOKUP(A39,[2]谷仓US!A:P,15,0) -> 32 | J39: =IF(I39=0,"-",IF(VLOOKUP(A39,[2]谷仓US库龄!A:I,9,0)>365,"≥1 Year",IF(VLOOKUP(A39,[2]谷仓US库龄!A:I,9,0)>270,"≥9 Months",IF(VLOOKUP(A39,[2]谷仓US库龄!A:I,9,0)>180,"≥6 Months",IF(VLOOKUP(A39,[2]谷仓US库龄!A:I,9,0)>90,"≥3 Months","正常"))))) -> 正常 | K39: =IF(VLOOKUP(A39,[2]谷仓US!A:P,12,0)=0,"",VLOOKUP(A39,[2]谷仓US!A:P,12,0)) -> 26
A40: 6975925240517 | B40: 1300100111 | C40: 德国仓库 | D40: 1300100111 | E40: =VLOOKUP(D40,[2]SKU!A:AK,2,0) -> 三维扫描仪Lynx基础款(欧规) | F40: =VLOOKUP(D40,[2]SKU!A:AK,8,0) -> 三维扫描仪-JML1 | G40: Lynx基础 | H40: =VLOOKUP(D40,[2]SKU!A:AK,26,0) -> JML1 | I40: =VLOOKUP(A40,[2]谷仓DE!A:Q,15,0) -> 16 | J40: =IF(I40=0,"-",IF(VLOOKUP(A40,[2]谷仓DE库龄!A:I,9,0)>365,"≥1 Year",IF(VLOOKUP(A40,[2]谷仓DE库龄!A:I,9,0)>270,"≥9 Months",IF(VLOOKUP(A40,[2]谷仓DE库龄!A:I,9,0)>180,"≥6 Months",IF(VLOOKUP(A40,[2]谷仓DE库龄!A:I,9,0)>90,"≥3 Months","正常"))))) -> ≥1 Year | K40: =IF(VLOOKUP(A40,[2]谷仓DE!A:P,12,0)=0,"",VLOOKUP(A40,[2]谷仓DE!A:P,12,0))
A41: 6975925240463 | B41: 1300100106 | C41: 德国仓库 | D41: 1300100106 | E41: 三维扫描仪Lynx升级款(英文4规版) | F41: 三维扫描仪-JML1 | G41: Lynx升级 | H41: JML1 | I41: =VLOOKUP(A41,[2]谷仓DE!A:Q,15,0) -> 17 | J41: =IF(I41=0,"-",IF(VLOOKUP(A41,[2]谷仓DE库龄!A:I,9,0)>365,"≥1 Year",IF(VLOOKUP(A41,[2]谷仓DE库龄!A:I,9,0)>270,"≥9 Months",IF(VLOOKUP(A41,[2]谷仓DE库龄!A:I,9,0)>180,"≥6 Months",IF(VLOOKUP(A41,[2]谷仓DE库龄!A:I,9,0)>90,"≥3 Months","正常"))))) -> 正常 | K41: =IF(VLOOKUP(A41,[2]谷仓DE!A:P,12,0)=0,"",VLOOKUP(A41,[2]谷仓DE!A:P,12,0))
A42: 6975925240531 | B42: 1300100113 | C42: 德国仓库 | D42: 1300100113 | E42: =VLOOKUP(D42,[2]SKU!A:AK,2,0) -> 三维扫描仪Lynx豪华款(欧规) | F42: =VLOOKUP(D42,[2]SKU!A:AK,8,0) -> 三维扫描仪-JML1 | G42: Lynx豪华 | H42: =VLOOKUP(D42,[2]SKU!A:AK,26,0) -> JML1 | I42: =VLOOKUP(A42,[2]谷仓DE!A:Q,15,0) -> 28 | J42: =IF(I42=0,"-",IF(VLOOKUP(A42,[2]谷仓DE库龄!A:I,9,0)>365,"≥1 Year",IF(VLOOKUP(A42,[2]谷仓DE库龄!A:I,9,0)>270,"≥9 Months",IF(VLOOKUP(A42,[2]谷仓DE库龄!A:I,9,0)>180,"≥6 Months",IF(VLOOKUP(A42,[2]谷仓DE库龄!A:I,9,0)>90,"≥3 Months","正常"))))) -> ≥1 Year | K42: =IF(VLOOKUP(A42,[2]谷仓DE!A:P,12,0)=0,"",VLOOKUP(A42,[2]谷仓DE!A:P,12,0))
A43: 6975925240135 | B43: 1300100044 | C43: 德国仓库 | D43: 1300100044 | E43: 三维扫描仪Mole基础款(英文版) | F43: =VLOOKUP(D44,[2]SKU!A:AK,8,0) -> 三维扫描仪-JMM1 | G43: Mole基础 | H43: =VLOOKUP(D43,[2]SKU!A:AK,26,0) -> JMM1 | I43: =VLOOKUP(A43,[2]谷仓DE!A:Q,15,0) -> 0 | J43: =IF(I43=0,"-",IF(VLOOKUP(A43,[2]谷仓DE库龄!A:I,9,0)>365,"≥1 Year",IF(VLOOKUP(A43,[2]谷仓DE库龄!A:I,9,0)>270,"≥9 Months",IF(VLOOKUP(A43,[2]谷仓DE库龄!A:I,9,0)>180,"≥6 Months",IF(VLOOKUP(A43,[2]谷仓DE库龄!A:I,9,0)>90,"≥3 Months","正常"))))) -> - | K43: =IF(VLOOKUP(A43,[2]谷仓DE!A:P,12,0)=0,"",VLOOKUP(A43,[2]谷仓DE!A:P,12,0)) -> 16
A44: 6975925240142 | B44: 1300100038 | C44: 德国仓库 | D44: 1300100038 | E44: =VLOOKUP(D44,[2]SKU!A:AK,2,0) -> 三维扫描仪Mole升级款(英文版) | F44: =VLOOKUP(D45,[2]SKU!A:AK,8,0) -> 三维扫描仪-JMM1 | G44: Mole升级 | H44: =VLOOKUP(D44,[2]SKU!A:AK,26,0) -> JMM1 | I44: =VLOOKUP(A44,[2]谷仓DE!A:Q,15,0) -> 22 | J44: =IF(I44=0,"-",IF(VLOOKUP(A44,[2]谷仓DE库龄!A:I,9,0)>365,"≥1 Year",IF(VLOOKUP(A44,[2]谷仓DE库龄!A:I,9,0)>270,"≥9 Months",IF(VLOOKUP(A44,[2]谷仓DE库龄!A:I,9,0)>180,"≥6 Months",IF(VLOOKUP(A44,[2]谷仓DE库龄!A:I,9,0)>90,"≥3 Months","正常"))))) -> 正常 | K44: =IF(VLOOKUP(A44,[2]谷仓DE!A:P,12,0)=0,"",VLOOKUP(A44,[2]谷仓DE!A:P,12,0)) -> 24
A45: 6975925240159 | B45: 1300100039 | C45: 德国仓库 | D45: 1300100039 | E45: =VLOOKUP(D45,[2]SKU!A:AK,2,0) -> 三维扫描仪Mole豪华款(英文版) | F45: =VLOOKUP(D45,[2]SKU!A:AK,8,0) -> 三维扫描仪-JMM1 | G45: Mole豪华 | H45: =VLOOKUP(D45,[2]SKU!A:AK,26,0) -> JMM1 | I45: =VLOOKUP(A45,[2]谷仓DE!A:Q,15,0) -> 14 | J45: =IF(I45=0,"-",IF(VLOOKUP(A45,[2]谷仓DE库龄!A:I,9,0)>365,"≥1 Year",IF(VLOOKUP(A45,[2]谷仓DE库龄!A:I,9,0)>270,"≥9 Months",IF(VLOOKUP(A45,[2]谷仓DE库龄!A:I,9,0)>180,"≥6 Months",IF(VLOOKUP(A45,[2]谷仓DE库龄!A:I,9,0)>90,"≥3 Months","正常"))))) -> 正常 | K45: =IF(VLOOKUP(A45,[2]谷仓DE!A:P,12,0)=0,"",VLOOKUP(A45,[2]谷仓DE!A:P,12,0))
A46: 6975925241293 | B46: 1300100219 | C46: 德国仓库 | D46: 1300100219 | E46: 三维扫描仪Seal基础款(4规) | F46: =VLOOKUP(D46,[2]SKU!A:AK,8,0) -> 三维扫描仪-JMS2 | G46: Seal基础 | H46: =VLOOKUP(D46,[2]SKU!A:AK,26,0) -> JMS2 | I46: =VLOOKUP(A46,[2]谷仓DE!A:Q,15,0) -> 158 | J46: =IF(I46=0,"-",IF(VLOOKUP(A46,[2]谷仓DE库龄!A:I,9,0)>365,"≥1 Year",IF(VLOOKUP(A46,[2]谷仓DE库龄!A:I,9,0)>270,"≥9 Months",IF(VLOOKUP(A46,[2]谷仓DE库龄!A:I,9,0)>180,"≥6 Months",IF(VLOOKUP(A46,[2]谷仓DE库龄!A:I,9,0)>90,"≥3 Months","正常"))))) -> 正常 | K46: =IF(VLOOKUP(A46,[2]谷仓DE!A:P,12,0)=0,"",VLOOKUP(A46,[2]谷仓DE!A:P,12,0)) -> 32
A47: 6975925241323 | B47: 1300100222 | C47: 德国仓库 | D47: =B47 -> 1300100222 | E47: =VLOOKUP(D47,[2]SKU!A:AK,2,0) -> 三维扫描仪Seal Lite基础款(4规) | F47: =VLOOKUP(D47,[2]SKU!A:AK,8,0) -> 三维扫描仪-JMS1 | G47: Seal Lite基础 | H47: =VLOOKUP(D47,[2]SKU!A:AK,26,0) -> JMS1 | I47: =VLOOKUP(A47,[2]谷仓DE!A:Q,15,0) -> 159 | J47: =IF(I47=0,"-",IF(VLOOKUP(A47,[2]谷仓DE库龄!A:I,9,0)>365,"≥1 Year",IF(VLOOKUP(A47,[2]谷仓DE库龄!A:I,9,0)>270,"≥9 Months",IF(VLOOKUP(A47,[2]谷仓DE库龄!A:I,9,0)>180,"≥6 Months",IF(VLOOKUP(A47,[2]谷仓DE库龄!A:I,9,0)>90,"≥3 Months","正常"))))) -> 正常 | K47: =IF(VLOOKUP(A47,[2]谷仓DE!A:P,12,0)=0,"",VLOOKUP(A47,[2]谷仓DE!A:P,12,0)) -> 32
A48: 6975925240746 | B48: 1300100118 | C48: 德国仓库 | D48: 1300100118 | E48: =VLOOKUP(D48,[2]SKU!A:AK,2,0) -> Seal/Seal lite转台套餐 | F48: =VLOOKUP(D48,[2]SKU!A:AK,8,0) -> 三维扫描仪备品备件 | G48: 普通转台 | H48: =VLOOKUP(D48,[2]SKU!A:AK,26,0) -> - | I48: =VLOOKUP(A48,[2]谷仓DE!A:Q,15,0) -> 119 | J48: =IF(I48=0,"-",IF(VLOOKUP(A48,[2]谷仓DE库龄!A:I,9,0)>365,"≥1 Year",IF(VLOOKUP(A48,[2]谷仓DE库龄!A:I,9,0)>270,"≥9 Months",IF(VLOOKUP(A48,[2]谷仓DE库龄!A:I,9,0)>180,"≥6 Months",IF(VLOOKUP(A48,[2]谷仓DE库龄!A:I,9,0)>90,"≥3 Months","正常"))))) -> 正常 | K48: =IF(VLOOKUP(A48,[2]谷仓DE!A:P,12,0)=0,"",VLOOKUP(A48,[2]谷仓DE!A:P,12,0))
A49: 6975925240753 | B49: 1200100064 | C49: 德国仓库 | D49: 1200100064 | E49: =VLOOKUP(D49,[2]SKU!A:AK,2,0) -> Seal三脚架套装 | F49: =VLOOKUP(D49,[2]SKU!A:AK,8,0) -> 三维扫描仪备品备件 | G49: 三脚架 | H49: =VLOOKUP(D49,[2]SKU!A:AK,26,0) -> - | I49: =VLOOKUP(A49,[2]谷仓DE!A:Q,15,0) -> 122 | J49: =IF(I49=0,"-",IF(VLOOKUP(A49,[2]谷仓DE库龄!A:I,9,0)>365,"≥1 Year",IF(VLOOKUP(A49,[2]谷仓DE库龄!A:I,9,0)>270,"≥9 Months",IF(VLOOKUP(A49,[2]谷仓DE库龄!A:I,9,0)>180,"≥6 Months",IF(VLOOKUP(A49,[2]谷仓DE库龄!A:I,9,0)>90,"≥3 Months","正常"))))) -> ≥1 Year | K49: =IF(VLOOKUP(A49,[2]谷仓DE!A:P,12,0)=0,"",VLOOKUP(A49,[2]谷仓DE!A:P,12,0))
A50: 6975925240739 | B50: 1300100082 | C50: 德国仓库 | D50: 1300100082 | E50: =VLOOKUP(D50,[2]SKU!A:AK,2,0) -> 三维扫描仪智能手柄 | F50: =VLOOKUP(D50,[2]SKU!A:AK,8,0) -> 三维扫描仪备品备件 | G50: 智能手柄 | H50: =VLOOKUP(D50,[2]SKU!A:AK,26,0) -> JMB1 | I50: =VLOOKUP(A50,[2]谷仓DE!A:Q,15,0) -> 100 | J50: =IF(I50=0,"-",IF(VLOOKUP(A50,[2]谷仓DE库龄!A:I,9,0)>365,"≥1 Year",IF(VLOOKUP(A50,[2]谷仓DE库龄!A:I,9,0)>270,"≥9 Months",IF(VLOOKUP(A50,[2]谷仓DE库龄!A:I,9,0)>180,"≥6 Months",IF(VLOOKUP(A50,[2]谷仓DE库龄!A:I,9,0)>90,"≥3 Months","正常"))))) -> 正常 | K50: =IF(VLOOKUP(A50,[2]谷仓DE!A:P,12,0)=0,"",VLOOKUP(A50,[2]谷仓DE!A:P,12,0))
A51: 6975925241033 | B51: 1021900174 | C51: 德国仓库 | D51: 1021900174 | E51: =VLOOKUP(D51,[2]SKU!A:AK,2,0) -> 智能手柄数据线 | F51: =VLOOKUP(D51,[2]SKU!A:AK,8,0) -> 三维扫描仪备品备件 | G51: - | H51: =VLOOKUP(D51,[2]SKU!A:AK,26,0) -> - | I51: =VLOOKUP(A51,[2]谷仓DE!A:Q,15,0) -> 84 | J51: =IF(I51=0,"-",IF(VLOOKUP(A51,[2]谷仓DE库龄!A:I,9,0)>365,"≥1 Year",IF(VLOOKUP(A51,[2]谷仓DE库龄!A:I,9,0)>270,"≥9 Months",IF(VLOOKUP(A51,[2]谷仓DE库龄!A:I,9,0)>180,"≥6 Months",IF(VLOOKUP(A51,[2]谷仓DE库龄!A:I,9,0)>90,"≥3 Months","正常"))))) -> ≥1 Year | K51: =IF(VLOOKUP(A51,[2]谷仓DE!A:P,12,0)=0,"",VLOOKUP(A51,[2]谷仓DE!A:P,12,0))
A52: 6975925241354 | B52: 1300100089 | C52: 德国仓库 | D52: 1300100089 | E52: =VLOOKUP(D52,[2]SKU!A:AK,2,0) -> Seal双轴转台(欧规) | F52: =VLOOKUP(D52,[2]SKU!A:AK,8,0) -> 三维扫描仪备品备件 | G52: 双轴转台 | H52: =VLOOKUP(D52,[2]SKU!A:AK,26,0) -> - | I52: =VLOOKUP(A52,[2]谷仓DE!A:Q,15,0) -> 27 | J52: =IF(I52=0,"-",IF(VLOOKUP(A52,[2]谷仓DE库龄!A:I,9,0)>365,"≥1 Year",IF(VLOOKUP(A52,[2]谷仓DE库龄!A:I,9,0)>270,"≥9 Months",IF(VLOOKUP(A52,[2]谷仓DE库龄!A:I,9,0)>180,"≥6 Months",IF(VLOOKUP(A52,[2]谷仓DE库龄!A:I,9,0)>90,"≥3 Months","正常"))))) -> ≥3 Months | K52: =IF(VLOOKUP(A52,[2]谷仓DE!A:P,12,0)=0,"",VLOOKUP(A52,[2]谷仓DE!A:P,12,0))
A53: 6975925241378 | B53: 1300100229 | C53: 德国仓库 | D53: 1300100229 | E53: 三维扫描仪Moose基础款(4规) | F53: 三维扫描仪-JMM3 | G53: Moose基础 | H53: JMM3 | I53: =VLOOKUP(A53,[2]谷仓DE!A:Q,15,0) -> 30 | J53: =IF(I53=0,"-",IF(VLOOKUP(A53,[2]谷仓DE库龄!A:I,9,0)>365,"≥1 Year",IF(VLOOKUP(A53,[2]谷仓DE库龄!A:I,9,0)>270,"≥9 Months",IF(VLOOKUP(A53,[2]谷仓DE库龄!A:I,9,0)>180,"≥6 Months",IF(VLOOKUP(A53,[2]谷仓DE库龄!A:I,9,0)>90,"≥3 Months","正常"))))) -> 正常 | K53: =IF(VLOOKUP(A53,[2]谷仓DE!A:P,12,0)=0,"",VLOOKUP(A53,[2]谷仓DE!A:P,12,0))
A54: 6975925241385 | B54: 1300100230 | C54: 德国仓库 | D54: 1300100230 | E54: 三维扫描仪Moose升级款(4规) | F54: 三维扫描仪-JMM3 | G54: Moose升级 | H54: JMM3 | I54: =VLOOKUP(A54,[2]谷仓DE!A:Q,15,0) -> 96 | J54: =IF(I54=0,"-",IF(VLOOKUP(A54,[2]谷仓DE库龄!A:I,9,0)>365,"≥1 Year",IF(VLOOKUP(A54,[2]谷仓DE库龄!A:I,9,0)>270,"≥9 Months",IF(VLOOKUP(A54,[2]谷仓DE库龄!A:I,9,0)>180,"≥6 Months",IF(VLOOKUP(A54,[2]谷仓DE库龄!A:I,9,0)>90,"≥3 Months","正常"))))) -> 正常 | K54: =IF(VLOOKUP(A54,[2]谷仓DE!A:P,12,0)=0,"",VLOOKUP(A54,[2]谷仓DE!A:P,12,0))
A55: 6975925241392 | B55: 1300100231 | C55: 德国仓库 | D55: 1300100231 | E55: 三维扫描仪Moose豪华款(4规) | F55: 三维扫描仪-JMM3 | G55: Moose豪华 | H55: JMM3 | I55: =VLOOKUP(A55,[2]谷仓DE!A:Q,15,0) -> 33 | J55: =IF(I55=0,"-",IF(VLOOKUP(A55,[2]谷仓DE库龄!A:I,9,0)>365,"≥1 Year",IF(VLOOKUP(A55,[2]谷仓DE库龄!A:I,9,0)>270,"≥9 Months",IF(VLOOKUP(A55,[2]谷仓DE库龄!A:I,9,0)>180,"≥6 Months",IF(VLOOKUP(A55,[2]谷仓DE库龄!A:I,9,0)>90,"≥3 Months","正常"))))) -> 正常 | K55: =IF(VLOOKUP(A55,[2]谷仓DE!A:P,12,0)=0,"",VLOOKUP(A55,[2]谷仓DE!A:P,12,0))
A56: 6975925241408 | B56: 1300100232 | C56: 德国仓库 | D56: 1300100232 | E56: 三维扫描仪Moose Lite基础款(4规) | F56: 三维扫描仪-JMM4 | G56: Moose Lite基础 | H56: JMM4 | I56: =VLOOKUP(A56,[2]谷仓DE!A:Q,15,0) -> 67 | J56: =IF(I56=0,"-",IF(VLOOKUP(A56,[2]谷仓DE库龄!A:I,9,0)>365,"≥1 Year",IF(VLOOKUP(A56,[2]谷仓DE库龄!A:I,9,0)>270,"≥9 Months",IF(VLOOKUP(A56,[2]谷仓DE库龄!A:I,9,0)>180,"≥6 Months",IF(VLOOKUP(A56,[2]谷仓DE库龄!A:I,9,0)>90,"≥3 Months","正常"))))) -> 正常 | K56: =IF(VLOOKUP(A56,[2]谷仓DE!A:P,12,0)=0,"",VLOOKUP(A56,[2]谷仓DE!A:P,12,0))
A57: 6975925241415 | B57: 1300100233 | C57: 德国仓库 | D57: 1300100233 | E57: 三维扫描仪Moose Lite升级款(4规) | F57: =VLOOKUP(D57,[2]SKU!A:AK,8,0) -> 三维扫描仪-JMM4 | G57: Moose Lite升级 | H57: =VLOOKUP(D57,[2]SKU!A:AK,26,0) -> JMM4 | I57: =VLOOKUP(A57,[2]谷仓DE!A:Q,15,0) -> 0 | J57: =IF(I57=0,"-",IF(VLOOKUP(A57,[2]谷仓DE库龄!A:I,9,0)>365,"≥1 Year",IF(VLOOKUP(A57,[2]谷仓DE库龄!A:I,9,0)>270,"≥9 Months",IF(VLOOKUP(A57,[2]谷仓DE库龄!A:I,9,0)>180,"≥6 Months",IF(VLOOKUP(A57,[2]谷仓DE库龄!A:I,9,0)>90,"≥3 Months","正常"))))) -> - | K57: =IF(VLOOKUP(A57,[2]谷仓DE!A:P,12,0)=0,"",VLOOKUP(A57,[2]谷仓DE!A:P,12,0)) -> 54
A58: 6975925241422 | B58: 1300100234 | C58: 德国仓库 | D58: 1300100234 | E58: 三维扫描仪Moose Lite豪华款(4规) | F58: =VLOOKUP(D58,[2]SKU!A:AK,8,0) -> 三维扫描仪-JMM4 | G58: Moose Lite豪华 | H58: =VLOOKUP(D58,[2]SKU!A:AK,26,0) -> JMM4 | I58: =VLOOKUP(A58,[2]谷仓DE!A:Q,15,0) -> 22 | J58: =IF(I58=0,"-",IF(VLOOKUP(A58,[2]谷仓DE库龄!A:I,9,0)>365,"≥1 Year",IF(VLOOKUP(A58,[2]谷仓DE库龄!A:I,9,0)>270,"≥9 Months",IF(VLOOKUP(A58,[2]谷仓DE库龄!A:I,9,0)>180,"≥6 Months",IF(VLOOKUP(A58,[2]谷仓DE库龄!A:I,9,0)>90,"≥3 Months","正常"))))) -> ≥3 Months | K58: =IF(VLOOKUP(A58,[2]谷仓DE!A:P,12,0)=0,"",VLOOKUP(A58,[2]谷仓DE!A:P,12,0))
A59: 6975925241231 | B59: 1300100211 | C59: 德国仓库 | D59: 1300100211 | E59: =VLOOKUP(D59,[2]SKU!A:AK,2,0) -> 三维扫描仪Eagle JMK1 RTK | F59: =VLOOKUP(D59,[2]SKU!A:AK,8,0) -> 三维扫描仪-JMK1 | G59: JMK1 RTK | H59: =VLOOKUP(D59,[2]SKU!A:AK,26,0) -> JMK1 | I59: =VLOOKUP(A59,[2]谷仓DE!A:Q,15,0) -> 53 | J59: =IF(I59=0,"-",IF(VLOOKUP(A59,[2]谷仓DE库龄!A:I,9,0)>365,"≥1 Year",IF(VLOOKUP(A59,[2]谷仓DE库龄!A:I,9,0)>270,"≥9 Months",IF(VLOOKUP(A59,[2]谷仓DE库龄!A:I,9,0)>180,"≥6 Months",IF(VLOOKUP(A59,[2]谷仓DE库龄!A:I,9,0)>90,"≥3 Months","正常"))))) -> ≥3 Months | K59: =IF(VLOOKUP(A59,[2]谷仓DE!A:P,12,0)=0,"",VLOOKUP(A59,[2]谷仓DE!A:P,12,0))
A60: 6975925241248 | B60: 1300100212 | C60: 德国仓库 | D60: 1300100212 | E60: =VLOOKUP(D60,[2]SKU!A:AK,2,0) -> 三维扫描仪Eagle JMK2 RTK | F60: =VLOOKUP(D60,[2]SKU!A:AK,8,0) -> 三维扫描仪-JMK2 | G60: JMK2 RTK | H60: =VLOOKUP(D60,[2]SKU!A:AK,26,0) -> JMK2 | I60: =VLOOKUP(A60,[2]谷仓DE!A:Q,15,0) -> 16 | J60: =IF(I60=0,"-",IF(VLOOKUP(A60,[2]谷仓DE库龄!A:I,9,0)>365,"≥1 Year",IF(VLOOKUP(A60,[2]谷仓DE库龄!A:I,9,0)>270,"≥9 Months",IF(VLOOKUP(A60,[2]谷仓DE库龄!A:I,9,0)>180,"≥6 Months",IF(VLOOKUP(A60,[2]谷仓DE库龄!A:I,9,0)>90,"≥3 Months","正常"))))) -> ≥3 Months | K60: =IF(VLOOKUP(A60,[2]谷仓DE!A:P,12,0)=0,"",VLOOKUP(A60,[2]谷仓DE!A:P,12,0))
A61: 6975925241170 | B61: 1300100194 | C61: 德国仓库 | D61: 1300100194 | E61: =VLOOKUP(D61,[2]SKU!A:AK,2,0) -> 三维扫描仪Eagle JMK1 | F61: =VLOOKUP(D61,[2]SKU!A:AK,8,0) -> 三维扫描仪-JMK1 | G61: - | H61: =VLOOKUP(D61,[2]SKU!A:AK,26,0) -> JMK1 | I61: =VLOOKUP(A61,[2]谷仓DE!A:Q,15,0) -> 4 | J61: =IF(I61=0,"-",IF(VLOOKUP(A61,[2]谷仓DE库龄!A:I,9,0)>365,"≥1 Year",IF(VLOOKUP(A61,[2]谷仓DE库龄!A:I,9,0)>270,"≥9 Months",IF(VLOOKUP(A61,[2]谷仓DE库龄!A:I,9,0)>180,"≥6 Months",IF(VLOOKUP(A61,[2]谷仓DE库龄!A:I,9,0)>90,"≥3 Months","正常"))))) -> ≥1 Year | K61: =IF(VLOOKUP(A61,[2]谷仓DE!A:P,12,0)=0,"",VLOOKUP(A61,[2]谷仓DE!A:P,12,0))
A62: 6975925241194 | B62: 1050100021 | C62: 德国仓库 | D62: 1050100021 | E62: =VLOOKUP(D62,[2]SKU!A:AK,2,0) -> 三脚架 | F62: =VLOOKUP(D62,[2]SKU!A:AK,8,0) -> 三维扫描仪备品备件 | G62: - | H62: =VLOOKUP(D62,[2]SKU!A:AK,26,0) -> - | I62: =VLOOKUP(A62,[2]谷仓DE!A:Q,15,0) -> 5 | J62: =IF(I62=0,"-",IF(VLOOKUP(A62,[2]谷仓DE库龄!A:I,9,0)>365,"≥1 Year",IF(VLOOKUP(A62,[2]谷仓DE库龄!A:I,9,0)>270,"≥9 Months",IF(VLOOKUP(A62,[2]谷仓DE库龄!A:I,9,0)>180,"≥6 Months",IF(VLOOKUP(A62,[2]谷仓DE库龄!A:I,9,0)>90,"≥3 Months","正常"))))) -> ≥9 Months | K62: =IF(VLOOKUP(A62,[2]谷仓DE!A:P,12,0)=0,"",VLOOKUP(A62,[2]谷仓DE!A:P,12,0))
A63: 6975925241224 | B63: 1300100209 | C63: 德国仓库 | D63: 1300100209 | E63: =VLOOKUP(D63,[2]SKU!A:AK,2,0) -> 自行车支架套装 | F63: =VLOOKUP(D63,[2]SKU!A:AK,8,0) -> 三维扫描仪备品备件 | G63: - | H63: =VLOOKUP(D63,[2]SKU!A:AK,26,0) -> - | I63: =VLOOKUP(A63,[2]谷仓DE!A:Q,15,0) -> 26 | J63: =IF(I63=0,"-",IF(VLOOKUP(A63,[2]谷仓DE库龄!A:I,9,0)>365,"≥1 Year",IF(VLOOKUP(A63,[2]谷仓DE库龄!A:I,9,0)>270,"≥9 Months",IF(VLOOKUP(A63,[2]谷仓DE库龄!A:I,9,0)>180,"≥6 Months",IF(VLOOKUP(A63,[2]谷仓DE库龄!A:I,9,0)>90,"≥3 Months","正常"))))) -> 正常 | K63: =IF(VLOOKUP(A63,[2]谷仓DE!A:P,12,0)=0,"",VLOOKUP(A63,[2]谷仓DE!A:P,12,0))
A64: 6975925241200 | B64: 1300100207 | C64: 德国仓库 | D64: 1300100207 | E64: =VLOOKUP(D64,[2]SKU!A:AK,2,0) -> 车顶吸盘安装套装 | F64: =VLOOKUP(D64,[2]SKU!A:AK,8,0) -> 三维扫描仪备品备件 | G64: - | H64: =VLOOKUP(D64,[2]SKU!A:AK,26,0) -> - | I64: =VLOOKUP(A64,[2]谷仓DE!A:Q,15,0) -> 9 | J64: =IF(I64=0,"-",IF(VLOOKUP(A64,[2]谷仓DE库龄!A:I,9,0)>365,"≥1 Year",IF(VLOOKUP(A64,[2]谷仓DE库龄!A:I,9,0)>270,"≥9 Months",IF(VLOOKUP(A64,[2]谷仓DE库龄!A:I,9,0)>180,"≥6 Months",IF(VLOOKUP(A64,[2]谷仓DE库龄!A:I,9,0)>90,"≥3 Months","正常"))))) -> 正常 | K64: =IF(VLOOKUP(A64,[2]谷仓DE!A:P,12,0)=0,"",VLOOKUP(A64,[2]谷仓DE!A:P,12,0))
A65: 6975925241217 | B65: 1300100208 | C65: 德国仓库 | D65: 1300100208 | E65: 背架套装 | F65: 三维扫描仪备品备件 | G65: - | H65: - | I65: =VLOOKUP(A65,[2]谷仓DE!A:Q,15,0) -> 0 | J65: =IF(I65=0,"-",IF(VLOOKUP(A65,[2]谷仓DE库龄!A:I,9,0)>365,"≥1 Year",IF(VLOOKUP(A65,[2]谷仓DE库龄!A:I,9,0)>270,"≥9 Months",IF(VLOOKUP(A65,[2]谷仓DE库龄!A:I,9,0)>180,"≥6 Months",IF(VLOOKUP(A65,[2]谷仓DE库龄!A:I,9,0)>90,"≥3 Months","正常"))))) -> - | K65: =IF(VLOOKUP(A65,[2]谷仓DE!A:P,12,0)=0,"",VLOOKUP(A65,[2]谷仓DE!A:P,12,0))
A66: 6975925241187 | B66: 1300100205 | C66: 德国仓库 | D66: 1300100205 | E66: =VLOOKUP(D66,[2]SKU!A:AK,2,0) -> 钢化膜套装 | F66: =VLOOKUP(D66,[2]SKU!A:AK,8,0) -> 三维扫描仪备品备件 | G66: - | H66: =VLOOKUP(D66,[2]SKU!A:AK,26,0) -> - | I66: =VLOOKUP(A66,[2]谷仓DE!A:Q,15,0) -> 10 | J66: =IF(I66=0,"-",IF(VLOOKUP(A66,[2]谷仓DE库龄!A:I,9,0)>365,"≥1 Year",IF(VLOOKUP(A66,[2]谷仓DE库龄!A:I,9,0)>270,"≥9 Months",IF(VLOOKUP(A66,[2]谷仓DE库龄!A:I,9,0)>180,"≥6 Months",IF(VLOOKUP(A66,[2]谷仓DE库龄!A:I,9,0)>90,"≥3 Months","正常"))))) -> ≥3 Months | K66: =IF(VLOOKUP(A66,[2]谷仓DE!A:P,12,0)=0,"",VLOOKUP(A66,[2]谷仓DE!A:P,12,0))
A67: 6975925241279 | B67: 1021900168 | C67: 德国仓库 | D67: =B67 -> 1021900168 | E67: =VLOOKUP(D67,[2]SKU!A:AK,2,0) -> Moose一体线缆 | F67: =VLOOKUP(D67,[2]SKU!A:AK,8,0) -> 三维扫描仪备品备件 | G67: - | H67: =VLOOKUP(D67,[2]SKU!A:AK,26,0) -> - | I67: =VLOOKUP(A67,[2]谷仓DE!A:Q,15,0) -> 17 | J67: =IF(I67=0,"-",IF(VLOOKUP(A67,[2]谷仓DE库龄!A:I,9,0)>365,"≥1 Year",IF(VLOOKUP(A67,[2]谷仓DE库龄!A:I,9,0)>270,"≥9 Months",IF(VLOOKUP(A67,[2]谷仓DE库龄!A:I,9,0)>180,"≥6 Months",IF(VLOOKUP(A67,[2]谷仓DE库龄!A:I,9,0)>90,"≥3 Months","正常"))))) -> ≥9 Months | K67: =IF(VLOOKUP(A67,[2]谷仓DE!A:P,12,0)=0,"",VLOOKUP(A67,[2]谷仓DE!A:P,12,0))
A68: 6975925240807 | B68: 1021900094 | C68: 德国仓库 | D68: =B68 -> 1021900094 | E68: =VLOOKUP(D68,[2]SKU!A:AK,2,0) -> Seal扫描仪订制一体线缆 | F68: =VLOOKUP(D68,[2]SKU!A:AK,8,0) -> 三维扫描仪备品备件 | G68: - | H68: =VLOOKUP(D68,[2]SKU!A:AK,26,0) -> - | I68: =VLOOKUP(A68,[2]谷仓DE!A:Q,15,0) -> 0 | J68: =IF(I68=0,"-",IF(VLOOKUP(A68,[2]谷仓DE库龄!A:I,9,0)>365,"≥1 Year",IF(VLOOKUP(A68,[2]谷仓DE库龄!A:I,9,0)>270,"≥9 Months",IF(VLOOKUP(A68,[2]谷仓DE库龄!A:I,9,0)>180,"≥6 Months",IF(VLOOKUP(A68,[2]谷仓DE库龄!A:I,9,0)>90,"≥3 Months","正常"))))) -> - | K68: =IF(VLOOKUP(A68,[2]谷仓DE!A:P,12,0)=0,"",VLOOKUP(A68,[2]谷仓DE!A:P,12,0))
A69: 6975925241286 | B69: 1040600057 | C69: 德国仓库 | D69: =B69 -> 1040600057 | E69: =VLOOKUP(D69,[2]SKU!A:AK,2,0) -> PD电源 | F69: =VLOOKUP(D69,[2]SKU!A:AK,8,0) -> 三维扫描仪备品备件 | G69: - | H69: =VLOOKUP(D69,[2]SKU!A:AK,26,0) -> RH-PD65W-1 | I69: =VLOOKUP(A69,[2]谷仓DE!A:Q,15,0) -> 8 | J69: =IF(I69=0,"-",IF(VLOOKUP(A69,[2]谷仓DE库龄!A:I,9,0)>365,"≥1 Year",IF(VLOOKUP(A69,[2]谷仓DE库龄!A:I,9,0)>270,"≥9 Months",IF(VLOOKUP(A69,[2]谷仓DE库龄!A:I,9,0)>180,"≥6 Months",IF(VLOOKUP(A69,[2]谷仓DE库龄!A:I,9,0)>90,"≥3 Months","正常"))))) -> ≥9 Months | K69: =IF(VLOOKUP(A69,[2]谷仓DE!A:P,12,0)=0,"",VLOOKUP(A69,[2]谷仓DE!A:P,12,0))
A70: 6975925241453 | B70: 1300100240 | C70: 德国仓库 | D70: 1300100240 | E70: 三维扫描仪Toucan升级款(4规) | F70: 三维扫描仪-Toucan | G70: Toucan升级 | H70: JMM6 | I70: =VLOOKUP(A70,[2]谷仓DE!A:Q,15,0) -> 42 | J70: =IF(I70=0,"-",IF(VLOOKUP(A70,[2]谷仓DE库龄!A:I,9,0)>365,"≥1 Year",IF(VLOOKUP(A70,[2]谷仓DE库龄!A:I,9,0)>270,"≥9 Months",IF(VLOOKUP(A70,[2]谷仓DE库龄!A:I,9,0)>180,"≥6 Months",IF(VLOOKUP(A70,[2]谷仓DE库龄!A:I,9,0)>90,"≥3 Months","正常"))))) -> ≥6 Months | K70: =IF(VLOOKUP(A70,[2]谷仓DE!A:P,12,0)=0,"",VLOOKUP(A70,[2]谷仓DE!A:P,12,0))
A71: 6975925241514 | B71: 1300100246 | C71: 德国仓库 | D71: 1300100246 | E71: 三维扫描仪Toucan基础款(4规) | F71: 三维扫描仪-Toucan | G71: Toucan基础 | H71: JMM6 | I71: =VLOOKUP(A71,[2]谷仓DE!A:Q,15,0) -> 125 | J71: =IF(I71=0,"-",IF(VLOOKUP(A71,[2]谷仓DE库龄!A:I,9,0)>365,"≥1 Year",IF(VLOOKUP(A71,[2]谷仓DE库龄!A:I,9,0)>270,"≥9 Months",IF(VLOOKUP(A71,[2]谷仓DE库龄!A:I,9,0)>180,"≥6 Months",IF(VLOOKUP(A71,[2]谷仓DE库龄!A:I,9,0)>90,"≥3 Months","正常"))))) -> ≥6 Months | K71: =IF(VLOOKUP(A71,[2]谷仓DE!A:P,12,0)=0,"",VLOOKUP(A71,[2]谷仓DE!A:P,12,0))
A72: 6975925241446 | B72: 1300100241 | C72: 德国仓库 | D72: 1300100241 | E72: 三维扫描仪Hawk(4规) | F72: 三维扫描仪-Hawk | G72: JMK5 | H72: JMK5 | I72: =VLOOKUP(A72,[2]谷仓DE!A:Q,15,0) -> 0 | J72: =IF(I72=0,"-",IF(VLOOKUP(A72,[2]谷仓DE库龄!A:I,9,0)>365,"≥1 Year",IF(VLOOKUP(A72,[2]谷仓DE库龄!A:I,9,0)>270,"≥9 Months",IF(VLOOKUP(A72,[2]谷仓DE库龄!A:I,9,0)>180,"≥6 Months",IF(VLOOKUP(A72,[2]谷仓DE库龄!A:I,9,0)>90,"≥3 Months","正常"))))) -> - | K72: =IF(VLOOKUP(A72,[2]谷仓DE!A:P,12,0)=0,"",VLOOKUP(A72,[2]谷仓DE!A:P,12,0))
A73: 6975925241521 | B73: 1300100250 | C73: 德国仓库 | D73: 1300100250 | E73: Toucan箱包套装 | F73: 三维扫描仪备品备件 | G73: - | H73: - | I73: =VLOOKUP(A73,[2]谷仓DE!A:Q,15,0) -> 56 | J73: =IF(I73=0,"-",IF(VLOOKUP(A73,[2]谷仓DE库龄!A:I,9,0)>365,"≥1 Year",IF(VLOOKUP(A73,[2]谷仓DE库龄!A:I,9,0)>270,"≥9 Months",IF(VLOOKUP(A73,[2]谷仓DE库龄!A:I,9,0)>180,"≥6 Months",IF(VLOOKUP(A73,[2]谷仓DE库龄!A:I,9,0)>90,"≥3 Months","正常"))))) -> ≥3 Months | K73: =IF(VLOOKUP(A73,[2]谷仓DE!A:P,12,0)=0,"",VLOOKUP(A73,[2]谷仓DE!A:P,12,0))
A74: 6975925241538 | B74: 1300100249 | C74: 德国仓库 | D74: 1300100249 | E74: Toucan三脚架套装 | F74: 三维扫描仪备品备件 | G74: 三脚架 | H74: - | I74: =VLOOKUP(A74,[2]谷仓DE!A:Q,15,0) -> 36 | J74: =IF(I74=0,"-",IF(VLOOKUP(A74,[2]谷仓DE库龄!A:I,9,0)>365,"≥1 Year",IF(VLOOKUP(A74,[2]谷仓DE库龄!A:I,9,0)>270,"≥9 Months",IF(VLOOKUP(A74,[2]谷仓DE库龄!A:I,9,0)>180,"≥6 Months",IF(VLOOKUP(A74,[2]谷仓DE库龄!A:I,9,0)>90,"≥3 Months","正常"))))) -> ≥3 Months | K74: =IF(VLOOKUP(A74,[2]谷仓DE!A:P,12,0)=0,"",VLOOKUP(A74,[2]谷仓DE!A:P,12,0))
A75: 6975925241545 | B75: 1300100248 | C75: 德国仓库 | D75: 1300100248 | E75: MTT2转台 | F75: 三维扫描仪备品备件 | G75: MTT2转台 | H75: - | I75: =VLOOKUP(A75,[2]谷仓DE!A:Q,15,0) -> 42 | J75: =IF(I75=0,"-",IF(VLOOKUP(A75,[2]谷仓DE库龄!A:I,9,0)>365,"≥1 Year",IF(VLOOKUP(A75,[2]谷仓DE库龄!A:I,9,0)>270,"≥9 Months",IF(VLOOKUP(A75,[2]谷仓DE库龄!A:I,9,0)>180,"≥6 Months",IF(VLOOKUP(A75,[2]谷仓DE库龄!A:I,9,0)>90,"≥3 Months","正常"))))) -> ≥3 Months | K75: =IF(VLOOKUP(A75,[2]谷仓DE!A:P,12,0)=0,"",VLOOKUP(A75,[2]谷仓DE!A:P,12,0))
A76: 6975925241583 | B76: 1300100263 | C76: 德国仓库 | D76: 1300100263 | E76: 三维扫描仪Raven(4规) | F76: 三维扫描仪-JMK7 | G76: JMK7 | H76: JMK7 | I76: =VLOOKUP(A76,[2]谷仓DE!A:Q,15,0) -> 163 | J76: =IF(I76=0,"-",IF(VLOOKUP(A76,[2]谷仓DE库龄!A:I,9,0)>365,"≥1 Year",IF(VLOOKUP(A76,[2]谷仓DE库龄!A:I,9,0)>270,"≥9 Months",IF(VLOOKUP(A76,[2]谷仓DE库龄!A:I,9,0)>180,"≥6 Months",IF(VLOOKUP(A76,[2]谷仓DE库龄!A:I,9,0)>90,"≥3 Months","正常"))))) -> 正常 | K76: =IF(VLOOKUP(A76,[2]谷仓DE!A:P,12,0)=0,"",VLOOKUP(A76,[2]谷仓DE!A:P,12,0))
A77: 6975925241569 | B77: 1300100256 | C77: 德国仓库 | D77: 1300100256 | E77: 三维扫描仪Raven Max基础款(4规) | F77: 三维扫描仪-JMK6 | G77: JMK6基础 | H77: JMK6 | I77: =VLOOKUP(A77,[2]谷仓DE!A:Q,15,0) -> 70 | J77: =IF(I77=0,"-",IF(VLOOKUP(A77,[2]谷仓DE库龄!A:I,9,0)>365,"≥1 Year",IF(VLOOKUP(A77,[2]谷仓DE库龄!A:I,9,0)>270,"≥9 Months",IF(VLOOKUP(A77,[2]谷仓DE库龄!A:I,9,0)>180,"≥6 Months",IF(VLOOKUP(A77,[2]谷仓DE库龄!A:I,9,0)>90,"≥3 Months","正常"))))) -> 正常 | K77: =IF(VLOOKUP(A77,[2]谷仓DE!A:P,12,0)=0,"",VLOOKUP(A77,[2]谷仓DE!A:P,12,0))
A78: 6975925241576 | B78: 1300100262 | C78: 德国仓库 | D78: 1300100262 | E78: 三维扫描仪Raven Max升级款(4规） | F78: 三维扫描仪-JMK6 | G78: JMK6升级 | H78: JMK6 | I78: =VLOOKUP(A78,[2]谷仓DE!A:Q,15,0) -> 43 | J78: =IF(I78=0,"-",IF(VLOOKUP(A78,[2]谷仓DE库龄!A:I,9,0)>365,"≥1 Year",IF(VLOOKUP(A78,[2]谷仓DE库龄!A:I,9,0)>270,"≥9 Months",IF(VLOOKUP(A78,[2]谷仓DE库龄!A:I,9,0)>180,"≥6 Months",IF(VLOOKUP(A78,[2]谷仓DE库龄!A:I,9,0)>90,"≥3 Months","正常"))))) -> 正常 | K78: =IF(VLOOKUP(A78,[2]谷仓DE!A:P,12,0)=0,"",VLOOKUP(A78,[2]谷仓DE!A:P,12,0))
A79: 6975925241613 | B79: 1300100260 | C79: 德国仓库 | D79: 1300100260 | E79: 三维扫描仪FOX(4规) | F79: 三维扫描仪-JMM8 | G79: FOX | H79: JMM8 | I79: =VLOOKUP(A79,[2]谷仓DE!A:Q,15,0) -> 1 | J79: =IF(I79=0,"-",IF(VLOOKUP(A79,[2]谷仓DE库龄!A:I,9,0)>365,"≥1 Year",IF(VLOOKUP(A79,[2]谷仓DE库龄!A:I,9,0)>270,"≥9 Months",IF(VLOOKUP(A79,[2]谷仓DE库龄!A:I,9,0)>180,"≥6 Months",IF(VLOOKUP(A79,[2]谷仓DE库龄!A:I,9,0)>90,"≥3 Months","正常"))))) -> 正常 | K79: =IF(VLOOKUP(A79,[2]谷仓DE!A:P,12,0)=0,"",VLOOKUP(A79,[2]谷仓DE!A:P,12,0)) -> 200
A80: X0012I1EDL | B80: CR-SCAN-01 | C80: Amazon JP | D80: 1300100067 | E80: 三维扫描仪Lynx基础款(日文版) | F80: =VLOOKUP(D80,[2]SKU!A:AK,8,0) -> 三维扫描仪-JML1 | G80: Lynx基础 | H80: JML1 | I80: =_xlfn.IFNA(VLOOKUP(A80,[2]库存AMZ!A:CH,8,0),"0") -> 5 | J80: =_xlfn.IFNA(IF(I80=0,"-",IF(VLOOKUP(A80,[2]库存AMZ!A:CH,14,0)>0,"≥1 Year",IF(VLOOKUP(A80,[2]库存AMZ!A:CH,13,0)>0,"≥9 Months",IF(VLOOKUP(A80,[2]库存AMZ!A:CH,12,0)>0,"≥6 Months",IF(VLOOKUP(A80,[2]库存AMZ!A:CH,11,0)>0,"≥3 Months","正常"))))),"-") -> ≥6 Months | K80: =_xlfn.IFNA(VLOOKUP(A80,[2]库存AMZ!A:CN,56,0),"") -> 0 | L80: =_xlfn.IFNA(VLOOKUP(A80,[2]库存AMZ!A:CH,59,0),"") -> 0
A81: X00143ZS13 | B81: Lynx-2 | C81: Amazon JP | D81: 1300100068 | E81: 三维扫描仪Lynx升级款(日文版) | F81: =VLOOKUP(D81,[2]SKU!A:AK,8,0) -> 三维扫描仪-JML1 | G81: Lynx升级 | H81: JML1 | I81: =_xlfn.IFNA(VLOOKUP(A81,[2]库存AMZ!A:CH,8,0),"0") -> 7 | J81: =_xlfn.IFNA(IF(I81=0,"-",IF(VLOOKUP(A81,[2]库存AMZ!A:CH,14,0)>0,"≥1 Year",IF(VLOOKUP(A81,[2]库存AMZ!A:CH,13,0)>0,"≥9 Months",IF(VLOOKUP(A81,[2]库存AMZ!A:CH,12,0)>0,"≥6 Months",IF(VLOOKUP(A81,[2]库存AMZ!A:CH,11,0)>0,"≥3 Months","正常"))))),"-") -> ≥6 Months | K81: =_xlfn.IFNA(VLOOKUP(A81,[2]库存AMZ!A:CN,56,0),"") -> 0 | L81: =_xlfn.IFNA(VLOOKUP(A81,[2]库存AMZ!A:CH,59,0),"") -> 0
A82: X00143S6WB | B82: Lynx-3 | C82: Amazon JP | D82: 1300100069 | E82: 三维扫描仪Lynx豪华款(日文版) | F82: =VLOOKUP(D82,[2]SKU!A:AK,8,0) -> 三维扫描仪-JML1 | G82: Lynx豪华 | H82: JML1 | I82: =_xlfn.IFNA(VLOOKUP(A82,[2]库存AMZ!A:CH,8,0),"0") -> 0 | J82: =_xlfn.IFNA(IF(I82=0,"-",IF(VLOOKUP(A82,[2]库存AMZ!A:CH,14,0)>0,"≥1 Year",IF(VLOOKUP(A82,[2]库存AMZ!A:CH,13,0)>0,"≥9 Months",IF(VLOOKUP(A82,[2]库存AMZ!A:CH,12,0)>0,"≥6 Months",IF(VLOOKUP(A82,[2]库存AMZ!A:CH,11,0)>0,"≥3 Months","正常"))))),"-") -> - | K82: =_xlfn.IFNA(VLOOKUP(A82,[2]库存AMZ!A:CN,56,0),"") | L82: =_xlfn.IFNA(VLOOKUP(A82,[2]库存AMZ!A:CH,59,0),"")
A83: X0012J6IVD | B83: magic-1-sp | C83: Amazon JP | D83: 1300100026 | E83: =VLOOKUP(D83,[2]SKU!A:AK,2,0) -> 三维扫描仪Magic Swift Plus彩色款升级版(日版) | F83: =VLOOKUP(D83,[2]SKU!A:AK,8,0) -> 三维扫描仪-JMSC | G83: Plus升级 | H83: =VLOOKUP(D83,[2]SKU!A:AK,26,0) -> JMSC | I83: =_xlfn.IFNA(VLOOKUP(A83,[2]库存AMZ!A:CH,8,0),"0") -> 2 | J83: =_xlfn.IFNA(IF(I83=0,"-",IF(VLOOKUP(A83,[2]库存AMZ!A:CH,14,0)>0,"≥1 Year",IF(VLOOKUP(A83,[2]库存AMZ!A:CH,13,0)>0,"≥9 Months",IF(VLOOKUP(A83,[2]库存AMZ!A:CH,12,0)>0,"≥6 Months",IF(VLOOKUP(A83,[2]库存AMZ!A:CH,11,0)>0,"≥3 Months","正常"))))),"-") -> ≥3 Months | K83: =_xlfn.IFNA(VLOOKUP(A83,[2]库存AMZ!A:CN,56,0),"") -> 0 | L83: =_xlfn.IFNA(VLOOKUP(A83,[2]库存AMZ!A:CH,59,0),"") -> 0
A84: X001BZ0QW5 | B84: JL-UPOV-ZJHC | C84: Amazon JP | D84: 1300100026 | E84: =VLOOKUP(D84,[2]SKU!A:AK,2,0) -> 三维扫描仪Magic Swift Plus彩色款升级版(日版) | F84: =VLOOKUP(D84,[2]SKU!A:AK,8,0) -> 三维扫描仪-JMSC | G84: Plus升级 | H84: =VLOOKUP(D84,[2]SKU!A:AK,26,0) -> JMSC | I84: =_xlfn.IFNA(VLOOKUP(A84,[2]库存AMZ!A:CH,8,0),"0") -> 12 | J84: =_xlfn.IFNA(IF(I84=0,"-",IF(VLOOKUP(A84,[2]库存AMZ!A:CH,14,0)>0,"≥1 Year",IF(VLOOKUP(A84,[2]库存AMZ!A:CH,13,0)>0,"≥9 Months",IF(VLOOKUP(A84,[2]库存AMZ!A:CH,12,0)>0,"≥6 Months",IF(VLOOKUP(A84,[2]库存AMZ!A:CH,11,0)>0,"≥3 Months","正常"))))),"-") -> ≥6 Months | K84: =_xlfn.IFNA(VLOOKUP(A84,[2]库存AMZ!A:CN,56,0),"") -> 0 | L84: =_xlfn.IFNA(VLOOKUP(A84,[2]库存AMZ!A:CH,59,0),"") -> 0
A85: X0014QSBDR | B85: mole6-6 | C85: Amazon JP | D85: 1300100044 | E85: =VLOOKUP(D85,[2]SKU!A:AK,2,0) -> 三维扫描仪Mole基础款(英文版) | F85: =VLOOKUP(D85,[2]SKU!A:AK,8,0) -> 三维扫描仪-JMM1 | G85: Mole基础 | H85: =VLOOKUP(D85,[2]SKU!A:AK,26,0) -> JMM1 | I85: =_xlfn.IFNA(VLOOKUP(A85,[2]库存AMZ!A:CH,8,0),"0") -> 4 | J85: =_xlfn.IFNA(IF(I85=0,"-",IF(VLOOKUP(A85,[2]库存AMZ!A:CH,14,0)>0,"≥1 Year",IF(VLOOKUP(A85,[2]库存AMZ!A:CH,13,0)>0,"≥9 Months",IF(VLOOKUP(A85,[2]库存AMZ!A:CH,12,0)>0,"≥6 Months",IF(VLOOKUP(A85,[2]库存AMZ!A:CH,11,0)>0,"≥3 Months","正常"))))),"-") -> ≥1 Year | K85: =_xlfn.IFNA(VLOOKUP(A85,[2]库存AMZ!A:CN,56,0),"") -> 0 | L85: =_xlfn.IFNA(VLOOKUP(A85,[2]库存AMZ!A:CH,59,0),"") -> 0
A86: X001BYH4P3 | B86: EN-UORB-8XNV | C86: Amazon JP | D86: 1300100044 | E86: =VLOOKUP(D86,[2]SKU!A:AK,2,0) -> 三维扫描仪Mole基础款(英文版) | F86: =VLOOKUP(D86,[2]SKU!A:AK,8,0) -> 三维扫描仪-JMM1 | G86: Mole基础 | H86: =VLOOKUP(D86,[2]SKU!A:AK,26,0) -> JMM1 | I86: =_xlfn.IFNA(VLOOKUP(A86,[2]库存AMZ!A:CH,8,0),"0") -> 17 | J86: =_xlfn.IFNA(IF(I86=0,"-",IF(VLOOKUP(A86,[2]库存AMZ!A:CH,14,0)>0,"≥1 Year",IF(VLOOKUP(A86,[2]库存AMZ!A:CH,13,0)>0,"≥9 Months",IF(VLOOKUP(A86,[2]库存AMZ!A:CH,12,0)>0,"≥6 Months",IF(VLOOKUP(A86,[2]库存AMZ!A:CH,11,0)>0,"≥3 Months","正常"))))),"-") -> ≥6 Months | K86: =_xlfn.IFNA(VLOOKUP(A86,[2]库存AMZ!A:CN,56,0),"") -> 0 | L86: =_xlfn.IFNA(VLOOKUP(A86,[2]库存AMZ!A:CH,59,0),"") -> 0
A87: X0019H1UUR | B87: HM-8XCZ-OT7J | C87: Amazon JP | D87: 1300100049 | E87: =VLOOKUP(D87,[2]SKU!A:AK,2,0) -> 三维扫描仪Mole升级款(日文版) | F87: =VLOOKUP(D87,[2]SKU!A:AK,8,0) -> 三维扫描仪-JMM1 | G87: Mole升级 | H87: =VLOOKUP(D87,[2]SKU!A:AK,26,0) -> JMM1 | I87: =_xlfn.IFNA(VLOOKUP(A87,[2]库存AMZ!A:CH,8,0),"0") -> 18 | J87: =_xlfn.IFNA(IF(I87=0,"-",IF(VLOOKUP(A87,[2]库存AMZ!A:CH,14,0)>0,"≥1 Year",IF(VLOOKUP(A87,[2]库存AMZ!A:CH,13,0)>0,"≥9 Months",IF(VLOOKUP(A87,[2]库存AMZ!A:CH,12,0)>0,"≥6 Months",IF(VLOOKUP(A87,[2]库存AMZ!A:CH,11,0)>0,"≥3 Months","正常"))))),"-") -> ≥1 Year | K87: =_xlfn.IFNA(VLOOKUP(A87,[2]库存AMZ!A:CN,56,0),"") -> 0 | L87: =_xlfn.IFNA(VLOOKUP(A87,[2]库存AMZ!A:CH,59,0),"") -> 0
A88: X0018196EB | B88: jp-mole-premium | C88: Amazon JP | D88: 1300100049 | E88: =VLOOKUP(D88,[2]SKU!A:AK,2,0) -> 三维扫描仪Mole升级款(日文版) | F88: =VLOOKUP(D88,[2]SKU!A:AK,8,0) -> 三维扫描仪-JMM1 | G88: Mole升级 | H88: =VLOOKUP(D88,[2]SKU!A:AK,26,0) -> JMM1 | I88: =_xlfn.IFNA(VLOOKUP(A88,[2]库存AMZ!A:CH,8,0),"0") -> 9 | J88: =_xlfn.IFNA(IF(I88=0,"-",IF(VLOOKUP(A88,[2]库存AMZ!A:CH,14,0)>0,"≥1 Year",IF(VLOOKUP(A88,[2]库存AMZ!A:CH,13,0)>0,"≥9 Months",IF(VLOOKUP(A88,[2]库存AMZ!A:CH,12,0)>0,"≥6 Months",IF(VLOOKUP(A88,[2]库存AMZ!A:CH,11,0)>0,"≥3 Months","正常"))))),"-") -> ≥1 Year | K88: =_xlfn.IFNA(VLOOKUP(A88,[2]库存AMZ!A:CN,56,0),"") -> 0 | L88: =_xlfn.IFNA(VLOOKUP(A88,[2]库存AMZ!A:CH,59,0),"") -> 0
A89: X001BYN2W7 | B89: 73-XE0V-6AUE | C89: Amazon JP | D89: 1300100049 | E89: =VLOOKUP(D89,[2]SKU!A:AK,2,0) -> 三维扫描仪Mole升级款(日文版) | F89: =VLOOKUP(D89,[2]SKU!A:AK,8,0) -> 三维扫描仪-JMM1 | G89: Mole升级 | H89: =VLOOKUP(D89,[2]SKU!A:AK,26,0) -> JMM1 | I89: =_xlfn.IFNA(VLOOKUP(A89,[2]库存AMZ!A:CH,8,0),"0") -> 15 | J89: =_xlfn.IFNA(IF(I89=0,"-",IF(VLOOKUP(A89,[2]库存AMZ!A:CH,14,0)>0,"≥1 Year",IF(VLOOKUP(A89,[2]库存AMZ!A:CH,13,0)>0,"≥9 Months",IF(VLOOKUP(A89,[2]库存AMZ!A:CH,12,0)>0,"≥6 Months",IF(VLOOKUP(A89,[2]库存AMZ!A:CH,11,0)>0,"≥3 Months","正常"))))),"-") -> ≥6 Months | K89: =_xlfn.IFNA(VLOOKUP(A89,[2]库存AMZ!A:CN,56,0),"") -> 0 | L89: =_xlfn.IFNA(VLOOKUP(A89,[2]库存AMZ!A:CH,59,0),"") -> 0
A90: X001BHHALD | B90: seal lite-Standard-jp-3 | C90: Amazon JP | D90: 1300100222 | E90: 三维扫描仪Seal Lite基础款(4规) | F90: =VLOOKUP(D90,[2]SKU!A:AK,8,0) -> 三维扫描仪-JMS1 | G90: Seal Lite基础 | H90: =VLOOKUP(D90,[2]SKU!A:AK,26,0) -> JMS1 | I90: =_xlfn.IFNA(VLOOKUP(A90,[2]库存AMZ!A:CH,8,0),"0") -> 30 | J90: =_xlfn.IFNA(IF(I90=0,"-",IF(VLOOKUP(A90,[2]库存AMZ!A:CH,14,0)>0,"≥1 Year",IF(VLOOKUP(A90,[2]库存AMZ!A:CH,13,0)>0,"≥9 Months",IF(VLOOKUP(A90,[2]库存AMZ!A:CH,12,0)>0,"≥6 Months",IF(VLOOKUP(A90,[2]库存AMZ!A:CH,11,0)>0,"≥3 Months","正常"))))),"-") -> 正常 | K90: =_xlfn.IFNA(VLOOKUP(A90,[2]库存AMZ!A:CN,56,0),"") -> 0 | L90: =_xlfn.IFNA(VLOOKUP(A90,[2]库存AMZ!A:CH,59,0),"") -> 0
A91: X001AQ5F8F | B91: seal lite -p-jp | C91: Amazon JP | D91: 1300100223 | E91: 三维扫描仪Seal Lite升级款(4规) | F91: =VLOOKUP(D91,[2]SKU!A:AK,8,0) -> 三维扫描仪-JMS1 | G91: Seal Lite升级 | H91: =VLOOKUP(D91,[2]SKU!A:AK,26,0) -> JMS1 | I91: =_xlfn.IFNA(VLOOKUP(A91,[2]库存AMZ!A:CH,8,0),"0") -> 10 | J91: =_xlfn.IFNA(IF(I91=0,"-",IF(VLOOKUP(A91,[2]库存AMZ!A:CH,14,0)>0,"≥1 Year",IF(VLOOKUP(A91,[2]库存AMZ!A:CH,13,0)>0,"≥9 Months",IF(VLOOKUP(A91,[2]库存AMZ!A:CH,12,0)>0,"≥6 Months",IF(VLOOKUP(A91,[2]库存AMZ!A:CH,11,0)>0,"≥3 Months","正常"))))),"-") -> ≥3 Months | K91: 24 | L91: =_xlfn.IFNA(VLOOKUP(A91,[2]库存AMZ!A:CH,59,0),"") -> 1
A92: X001BHHB35 | B92: seal lite-Premium-jp-3 | C92: Amazon JP | D92: 1300100223 | E92: 三维扫描仪Seal Lite升级款(4规) | F92: =VLOOKUP(D92,[2]SKU!A:AK,8,0) -> 三维扫描仪-JMS1 | G92: Seal Lite升级 | H92: =VLOOKUP(D92,[2]SKU!A:AK,26,0) -> JMS1 | I92: =_xlfn.IFNA(VLOOKUP(A92,[2]库存AMZ!A:CH,8,0),"0") -> 5 | J92: =_xlfn.IFNA(IF(I92=0,"-",IF(VLOOKUP(A92,[2]库存AMZ!A:CH,14,0)>0,"≥1 Year",IF(VLOOKUP(A92,[2]库存AMZ!A:CH,13,0)>0,"≥9 Months",IF(VLOOKUP(A92,[2]库存AMZ!A:CH,12,0)>0,"≥6 Months",IF(VLOOKUP(A92,[2]库存AMZ!A:CH,11,0)>0,"≥3 Months","正常"))))),"-") -> 正常 | K92: =_xlfn.IFNA(VLOOKUP(A92,[2]库存AMZ!A:CN,56,0),"") -> 0 | L92: =_xlfn.IFNA(VLOOKUP(A92,[2]库存AMZ!A:CH,59,0),"") -> 1
A93: X001BHIM79 | B93: seal- Standard -jp-3 | C93: Amazon JP | D93: 1300100087 | E93: =VLOOKUP(D93,[2]SKU!A:AK,2,0) -> 三维扫描仪Seal 基础款(美规) | F93: =VLOOKUP(D93,[2]SKU!A:AK,8,0) -> 三维扫描仪-JMS2 | G93: Seal基础 | H93: =VLOOKUP(D93,[2]SKU!A:AK,26,0) -> JMS2 | I93: =_xlfn.IFNA(VLOOKUP(A93,[2]库存AMZ!A:CH,8,0),"0") -> 31 | J93: =_xlfn.IFNA(IF(I93=0,"-",IF(VLOOKUP(A93,[2]库存AMZ!A:CH,14,0)>0,"≥1 Year",IF(VLOOKUP(A93,[2]库存AMZ!A:CH,13,0)>0,"≥9 Months",IF(VLOOKUP(A93,[2]库存AMZ!A:CH,12,0)>0,"≥6 Months",IF(VLOOKUP(A93,[2]库存AMZ!A:CH,11,0)>0,"≥3 Months","正常"))))),"-") -> ≥6 Months | K93: =_xlfn.IFNA(VLOOKUP(A93,[2]库存AMZ!A:CN,56,0),"") -> 0 | L93: =_xlfn.IFNA(VLOOKUP(A93,[2]库存AMZ!A:CH,59,0),"") -> 0
A94: X00161GNY9 | B94: Seal-8-8 | C94: Amazon JP | D94: 1300100220 | E94: 三维扫描仪Seal升级款(4规) | F94: =VLOOKUP(D94,[2]SKU!A:AK,8,0) -> 三维扫描仪-JMS2 | G94: Seal升级 | H94: =VLOOKUP(D94,[2]SKU!A:AK,26,0) -> JMS2 | I94: =_xlfn.IFNA(VLOOKUP(A94,[2]库存AMZ!A:CH,8,0),"0") -> 20 | J94: =_xlfn.IFNA(IF(I94=0,"-",IF(VLOOKUP(A94,[2]库存AMZ!A:CH,14,0)>0,"≥1 Year",IF(VLOOKUP(A94,[2]库存AMZ!A:CH,13,0)>0,"≥9 Months",IF(VLOOKUP(A94,[2]库存AMZ!A:CH,12,0)>0,"≥6 Months",IF(VLOOKUP(A94,[2]库存AMZ!A:CH,11,0)>0,"≥3 Months","正常"))))),"-") -> 正常 | K94: =_xlfn.IFNA(VLOOKUP(A94,[2]库存AMZ!A:CN,56,0),"") -> 0 | L94: =_xlfn.IFNA(VLOOKUP(A94,[2]库存AMZ!A:CH,59,0),"") -> 1
A95: X001BHJXO5 | B95: seal-Premium-jp-3 | C95: Amazon JP | D95: 1300100220 | E95: 三维扫描仪Seal升级款(4规) | F95: =VLOOKUP(D95,[2]SKU!A:AK,8,0) -> 三维扫描仪-JMS2 | G95: Seal升级 | H95: =VLOOKUP(D95,[2]SKU!A:AK,26,0) -> JMS2 | I95: =_xlfn.IFNA(VLOOKUP(A95,[2]库存AMZ!A:CH,8,0),"0") -> 21 | J95: =_xlfn.IFNA(IF(I95=0,"-",IF(VLOOKUP(A95,[2]库存AMZ!A:CH,14,0)>0,"≥1 Year",IF(VLOOKUP(A95,[2]库存AMZ!A:CH,13,0)>0,"≥9 Months",IF(VLOOKUP(A95,[2]库存AMZ!A:CH,12,0)>0,"≥6 Months",IF(VLOOKUP(A95,[2]库存AMZ!A:CH,11,0)>0,"≥3 Months","正常"))))),"-") -> ≥3 Months | K95: =_xlfn.IFNA(VLOOKUP(A95,[2]库存AMZ!A:CN,56,0),"") -> 0 | L95: =_xlfn.IFNA(VLOOKUP(A95,[2]库存AMZ!A:CH,59,0),"") -> 0
A96: X001D9IQSF | B96: R4-KGC6-EP72 | C96: Amazon JP | D96: 1300100221 | E96: 三维扫描仪Seal豪华款(4规) | F96: =VLOOKUP(D96,[2]SKU!A:AK,8,0) -> 三维扫描仪-JMS2 | G96: Seal豪华 | H96: =VLOOKUP(D96,[2]SKU!A:AK,26,0) -> JMS2 | I96: =_xlfn.IFNA(VLOOKUP(A96,[2]库存AMZ!A:CH,8,0),"0") -> 9 | J96: =_xlfn.IFNA(IF(I96=0,"-",IF(VLOOKUP(A96,[2]库存AMZ!A:CH,14,0)>0,"≥1 Year",IF(VLOOKUP(A96,[2]库存AMZ!A:CH,13,0)>0,"≥9 Months",IF(VLOOKUP(A96,[2]库存AMZ!A:CH,12,0)>0,"≥6 Months",IF(VLOOKUP(A96,[2]库存AMZ!A:CH,11,0)>0,"≥3 Months","正常"))))),"-") -> 正常 | K96: =_xlfn.IFNA(VLOOKUP(A96,[2]库存AMZ!A:CN,56,0),"") -> 0 | L96: =_xlfn.IFNA(VLOOKUP(A96,[2]库存AMZ!A:CH,59,0),"") -> 0
A97: X0017KIH11 | B97: Moose Standard JP | C97: Amazon JP | D97: 1300100155 | E97: =VLOOKUP(D97,[2]SKU!A:AK,2,0) -> 三维扫描仪Moose基础款(美规) | F97: =VLOOKUP(D97,[2]SKU!A:AK,8,0) -> 三维扫描仪-JMM3 | G97: Moose基础 | H97: =VLOOKUP(D97,[2]SKU!A:AK,26,0) -> JMM3 | I97: =_xlfn.IFNA(VLOOKUP(A97,[2]库存AMZ!A:CH,8,0),"0") -> 31 | J97: =_xlfn.IFNA(IF(I97=0,"-",IF(VLOOKUP(A97,[2]库存AMZ!A:CH,14,0)>0,"≥1 Year",IF(VLOOKUP(A97,[2]库存AMZ!A:CH,13,0)>0,"≥9 Months",IF(VLOOKUP(A97,[2]库存AMZ!A:CH,12,0)>0,"≥6 Months",IF(VLOOKUP(A97,[2]库存AMZ!A:CH,11,0)>0,"≥3 Months","正常"))))),"-") -> ≥3 Months | K97: =_xlfn.IFNA(VLOOKUP(A97,[2]库存AMZ!A:CN,56,0),"") -> 0 | L97: =_xlfn.IFNA(VLOOKUP(A97,[2]库存AMZ!A:CH,59,0),"") -> 0
A98: X001BHOFVV | B98: moose-jp-Premium-3 | C98: Amazon JP | D98: 1300100230 | E98: 三维扫描仪Moose升级款(4规) | F98: =VLOOKUP(D98,[2]SKU!A:AK,8,0) -> 三维扫描仪-JMM3 | G98: Moose升级 | H98: =VLOOKUP(D98,[2]SKU!A:AK,26,0) -> JMM3 | I98: =_xlfn.IFNA(VLOOKUP(A98,[2]库存AMZ!A:CH,8,0),"0") -> 24 | J98: =_xlfn.IFNA(IF(I98=0,"-",IF(VLOOKUP(A98,[2]库存AMZ!A:CH,14,0)>0,"≥1 Year",IF(VLOOKUP(A98,[2]库存AMZ!A:CH,13,0)>0,"≥9 Months",IF(VLOOKUP(A98,[2]库存AMZ!A:CH,12,0)>0,"≥6 Months",IF(VLOOKUP(A98,[2]库存AMZ!A:CH,11,0)>0,"≥3 Months","正常"))))),"-") -> ≥6 Months | K98: =_xlfn.IFNA(VLOOKUP(A98,[2]库存AMZ!A:CN,56,0),"") -> 0 | L98: =_xlfn.IFNA(VLOOKUP(A98,[2]库存AMZ!A:CH,59,0),"") -> 0
A99: X0017KIH0R | B99: Moose Premium JP | C99: Amazon JP | D99: 1300100230 | E99: 三维扫描仪Moose升级款(4规) | F99: =VLOOKUP(D99,[2]SKU!A:AK,8,0) -> 三维扫描仪-JMM3 | G99: Moose升级 | H99: =VLOOKUP(D99,[2]SKU!A:AK,26,0) -> JMM3 | I99: =_xlfn.IFNA(VLOOKUP(A99,[2]库存AMZ!A:CH,8,0),"0") -> 41 | J99: =_xlfn.IFNA(IF(I99=0,"-",IF(VLOOKUP(A99,[2]库存AMZ!A:CH,14,0)>0,"≥1 Year",IF(VLOOKUP(A99,[2]库存AMZ!A:CH,13,0)>0,"≥9 Months",IF(VLOOKUP(A99,[2]库存AMZ!A:CH,12,0)>0,"≥6 Months",IF(VLOOKUP(A99,[2]库存AMZ!A:CH,11,0)>0,"≥3 Months","正常"))))),"-") -> 正常 | K99: =_xlfn.IFNA(VLOOKUP(A99,[2]库存AMZ!A:CN,56,0),"") -> 0 | L99: =_xlfn.IFNA(VLOOKUP(A99,[2]库存AMZ!A:CH,59,0),"") -> 0
A100: X0017L3Y95 | B100: JP Moose Lite Standard | C100: Amazon JP | D100: 1300100159 | E100: =VLOOKUP(D100,[2]SKU!A:AK,2,0) -> 三维扫描仪Moose Lite基础款(美规) | F100: =VLOOKUP(D100,[2]SKU!A:AK,8,0) -> 三维扫描仪-JMM4 | G100: Moose Lite基础 | H100: =VLOOKUP(D100,[2]SKU!A:AK,26,0) -> JMM4 | I100: =_xlfn.IFNA(VLOOKUP(A100,[2]库存AMZ!A:CH,8,0),"0") -> 22 | J100: =_xlfn.IFNA(IF(I100=0,"-",IF(VLOOKUP(A100,[2]库存AMZ!A:CH,14,0)>0,"≥1 Year",IF(VLOOKUP(A100,[2]库存AMZ!A:CH,13,0)>0,"≥9 Months",IF(VLOOKUP(A100,[2]库存AMZ!A:CH,12,0)>0,"≥6 Months",IF(VLOOKUP(A100,[2]库存AMZ!A:CH,11,0)>0,"≥3 Months","正常"))))),"-") -> ≥1 Year | K100: =_xlfn.IFNA(VLOOKUP(A100,[2]库存AMZ!A:CN,56,0),"") -> 0 | L100: =_xlfn.IFNA(VLOOKUP(A100,[2]库存AMZ!A:CH,59,0),"") -> 0
...
